1,compressed_decoder_i.illegal_instr_o,decoder_i.priv_lvl_i[0]
1,compressed_decoder_i.illegal_instr_o,decoder_i.priv_lvl_i[1]
1,compressed_decoder_i.is_compressed_o,decoder_i.priv_lvl_i[0]
1,compressed_decoder_i.is_compressed_o,decoder_i.priv_lvl_i[1]
1,decoded_instruction.ex.valid,decoder_i.priv_lvl_i[0]
1,decoded_instruction.ex.valid,decoder_i.priv_lvl_i[1]
1,decoded_instruction.is_compressed,decoder_i.priv_lvl_i[0]
1,decoded_instruction.is_compressed,decoder_i.priv_lvl_i[1]
1,decoded_instruction.use_imm,decoder_i.priv_lvl_i[0]
1,decoded_instruction.use_imm,decoder_i.priv_lvl_i[1]
1,decoded_instruction.use_pc,decoder_i.priv_lvl_i[0]
1,decoded_instruction.use_pc,decoder_i.priv_lvl_i[1]
1,decoded_instruction.use_pc,issue_entry_o.use_imm
1,decoded_instruction.use_pc,issue_q.sbe.use_imm
1,decoded_instruction.valid,decoder_i.priv_lvl_i[0]
1,decoded_instruction.valid,decoder_i.priv_lvl_i[1]
1,decoder_i.ebreak,decoder_i.debug_mode_i
1,decoder_i.ebreak,decoder_i.priv_lvl_i[0]
1,decoder_i.ebreak,decoder_i.priv_lvl_i[1]
1,decoder_i.illegal_instr,decoder_i.priv_lvl_i[0]
1,decoder_i.illegal_instr,decoder_i.priv_lvl_i[1]
1,decoder_i.instr.atype.aq,decoder_i.priv_lvl_i[0]
1,decoder_i.instr.atype.aq,decoder_i.priv_lvl_i[1]
1,decoder_i.instr.atype.rl,decoder_i.priv_lvl_i[0]
1,decoder_i.instr.atype.rl,decoder_i.priv_lvl_i[1]
1,decoder_i.instr.rvftype.repl[14],decoder_i.priv_lvl_i[0]
1,decoder_i.instr.rvftype.repl[14],decoder_i.priv_lvl_i[1]
1,decoder_i.is_compressed_i,decoder_i.priv_lvl_i[0]
1,decoder_i.is_compressed_i,decoder_i.priv_lvl_i[1]
1,decoder_i.is_control_flow_instr_o,decoder_i.priv_lvl_i[0]
1,decoder_i.is_control_flow_instr_o,decoder_i.priv_lvl_i[1]
1,decoder_i.is_illegal_i,decoder_i.priv_lvl_i[0]
1,decoder_i.is_illegal_i,decoder_i.priv_lvl_i[1]
1,fetch_entry_valid_i,decoder_i.priv_lvl_i[0]
1,fetch_entry_valid_i,decoder_i.priv_lvl_i[1]
1,flush_i,decoder_i.priv_lvl_i[0]
1,flush_i,decoder_i.priv_lvl_i[1]
1,is_compressed,decoder_i.priv_lvl_i[0]
1,is_compressed,decoder_i.priv_lvl_i[1]
1,is_control_flow_instr,decoder_i.priv_lvl_i[0]
1,is_control_flow_instr,decoder_i.priv_lvl_i[1]
1,is_illegal,decoder_i.priv_lvl_i[0]
1,is_illegal,decoder_i.priv_lvl_i[1]
1,issue_instr_ack_i,decoder_i.priv_lvl_i[0]
1,issue_instr_ack_i,decoder_i.priv_lvl_i[1]
1,issue_n.is_ctrl_flow,decoder_i.priv_lvl_i[0]
1,issue_n.is_ctrl_flow,decoder_i.priv_lvl_i[1]
1,issue_n.sbe.ex.valid,decoder_i.priv_lvl_i[0]
1,issue_n.sbe.ex.valid,decoder_i.priv_lvl_i[1]
1,issue_n.sbe.is_compressed,decoder_i.priv_lvl_i[0]
1,issue_n.sbe.is_compressed,decoder_i.priv_lvl_i[1]
1,issue_n.sbe.use_imm,decoder_i.priv_lvl_i[0]
1,issue_n.sbe.use_imm,decoder_i.priv_lvl_i[1]
1,issue_n.sbe.use_pc,decoder_i.priv_lvl_i[0]
1,issue_n.sbe.use_pc,decoder_i.priv_lvl_i[1]
1,issue_n.sbe.use_pc,issue_n.sbe.use_imm
1,issue_n.sbe.valid,decoder_i.priv_lvl_i[0]
1,issue_n.sbe.valid,decoder_i.priv_lvl_i[1]
1,issue_n.valid,decoder_i.priv_lvl_i[0]
1,issue_n.valid,decoder_i.priv_lvl_i[1]
1,issue_q.is_ctrl_flow,decoder_i.priv_lvl_i[0]
1,issue_q.is_ctrl_flow,decoder_i.priv_lvl_i[1]
1,issue_q.sbe.ex.valid,decoder_i.priv_lvl_i[0]
1,issue_q.sbe.ex.valid,decoder_i.priv_lvl_i[1]
1,issue_q.sbe.is_compressed,decoder_i.priv_lvl_i[0]
1,issue_q.sbe.is_compressed,decoder_i.priv_lvl_i[1]
1,issue_q.sbe.use_imm,decoder_i.priv_lvl_i[0]
1,issue_q.sbe.use_imm,decoder_i.priv_lvl_i[1]
1,issue_q.sbe.use_pc,decoder_i.priv_lvl_i[0]
1,issue_q.sbe.use_pc,decoder_i.priv_lvl_i[1]
1,issue_q.sbe.use_pc,issue_entry_o.use_imm
1,issue_q.sbe.use_pc,issue_n.sbe.use_imm
1,issue_q.sbe.use_pc,issue_q.sbe.use_imm
1,issue_q.sbe.valid,decoder_i.priv_lvl_i[0]
1,issue_q.sbe.valid,decoder_i.priv_lvl_i[1]
1,issue_q.valid,decoder_i.priv_lvl_i[0]
1,issue_q.valid,decoder_i.priv_lvl_i[1]
2,issue_n.is_ctrl_flow,is_ctrl_flow_o
2,issue_n.is_ctrl_flow,issue_entry_o.use_imm
2,issue_n.is_ctrl_flow,issue_q.is_ctrl_flow
2,issue_n.is_ctrl_flow,issue_q.sbe.use_imm
2,issue_n.sbe.ex.valid,issue_entry_o.ex.valid
2,issue_n.sbe.ex.valid,issue_entry_o.valid
2,issue_n.sbe.ex.valid,issue_q.sbe.ex.valid
2,issue_n.sbe.ex.valid,issue_q.sbe.valid
2,issue_n.sbe.is_compressed,issue_entry_o.is_compressed
2,issue_n.sbe.is_compressed,issue_q.sbe.is_compressed
2,issue_n.sbe.use_imm,issue_entry_o.use_imm
2,issue_n.sbe.use_imm,issue_q.sbe.use_imm
2,issue_n.sbe.use_pc,issue_entry_o.use_imm
2,issue_n.sbe.use_pc,issue_entry_o.use_pc
2,issue_n.sbe.use_pc,issue_q.sbe.use_imm
2,issue_n.sbe.use_pc,issue_q.sbe.use_pc
2,issue_n.sbe.valid,issue_entry_o.ex.valid
2,issue_n.sbe.valid,issue_entry_o.valid
2,issue_n.sbe.valid,issue_q.sbe.ex.valid
2,issue_n.sbe.valid,issue_q.sbe.valid
2,issue_n.valid,issue_entry_valid_o
2,issue_n.valid,issue_q.valid
4,debug_mode_i,decoder_i.priv_lvl_i[0]
4,debug_mode_i,decoder_i.priv_lvl_i[1]
4,debug_req_i,decoder_i.priv_lvl_i[0]
4,debug_req_i,decoder_i.priv_lvl_i[1]
4,decoder_i.debug_mode_i,decoder_i.priv_lvl_i[0]
4,decoder_i.debug_mode_i,decoder_i.priv_lvl_i[1]
4,decoder_i.debug_req_i,decoder_i.priv_lvl_i[0]
4,decoder_i.debug_req_i,decoder_i.priv_lvl_i[1]
