1,alu_valid_i,flu_ready_o
1,alu_valid_i,lsu_commit_ready_o
1,alu_valid_i,lsu_ready_o
1,alu_valid_i,no_st_pending_o
1,branch_valid_i,flu_ready_o
1,branch_valid_i,lsu_commit_ready_o
1,branch_valid_i,lsu_ready_o
1,branch_valid_i,no_st_pending_o
1,csr_buffer_i.csr_reg_q.valid,flu_ready_o
1,csr_buffer_i.csr_reg_q.valid,lsu_commit_ready_o
1,csr_buffer_i.csr_reg_q.valid,lsu_ready_o
1,csr_buffer_i.csr_reg_q.valid,no_st_pending_o
1,csr_commit_i,flu_ready_o
1,csr_commit_i,lsu_commit_ready_o
1,csr_commit_i,lsu_ready_o
1,csr_commit_i,no_st_pending_o
1,csr_valid_i,csr_buffer_i.csr_reg_q.valid
1,csr_valid_i,lsu_commit_ready_o
1,csr_valid_i,lsu_ready_o
1,csr_valid_i,no_st_pending_o
1,dcache_req_ports_i[1].data_gnt,flu_ready_o
1,dcache_req_ports_i[1].data_gnt,lsu_commit_ready_o
1,dcache_req_ports_i[1].data_gnt,lsu_ready_o
1,dcache_req_ports_i[1].data_gnt,no_st_pending_o
1,dcache_req_ports_i[1].data_rvalid,flu_ready_o
1,dcache_req_ports_i[1].data_rvalid,load_valid_o
1,dcache_req_ports_i[1].data_rvalid,lsu_commit_ready_o
1,dcache_req_ports_i[1].data_rvalid,lsu_ready_o
1,dcache_req_ports_i[1].data_rvalid,no_st_pending_o
1,dcache_req_ports_i[2].data_gnt,flu_ready_o
1,dcache_req_ports_i[2].data_gnt,lsu_ready_o
1,dcache_req_ports_i[2].data_gnt,no_st_pending_o
1,dcache_wbuffer_empty_i,fpu_ready_o
1,dcache_wbuffer_empty_i,lsu_ready_o
1,flush_i,lsu_commit_ready_o
1,flush_i,no_st_pending_o
1,fpu_valid_i,flu_ready_o
1,fpu_valid_i,fpu_ready_o
1,fpu_valid_i,lsu_commit_ready_o
1,fpu_valid_i,lsu_ready_o
1,fpu_valid_i,no_st_pending_o
1,i_mult.i_div.state_q[0],flu_ready_o
1,i_mult.i_div.state_q[0],i_mult.i_div.div_res_zero_q
1,i_mult.i_div.state_q[0],i_mult.i_div.rem_sel_q
1,i_mult.i_div.state_q[0],lsu_commit_ready_o
1,i_mult.i_div.state_q[0],lsu_i.lsu_bypass_i.read_pointer_q
1,i_mult.i_div.state_q[0],lsu_i.lsu_bypass_i.write_pointer_q
1,i_mult.i_div.state_q[0],lsu_ready_o
1,i_mult.i_div.state_q[0],no_st_pending_o
1,i_mult.i_multiplier.mult_valid_o,flu_ready_o
1,i_mult.i_multiplier.mult_valid_o,i_mult.i_div.div_res_zero_q
1,i_mult.i_multiplier.mult_valid_o,i_mult.i_div.rem_sel_q
1,i_mult.i_multiplier.mult_valid_o,i_mult.word_op_q
1,i_mult.i_multiplier.mult_valid_o,lsu_commit_ready_o
1,i_mult.i_multiplier.mult_valid_o,lsu_ready_o
1,i_mult.i_multiplier.mult_valid_o,no_st_pending_o
1,i_mult.mul_valid,flu_ready_o
1,i_mult.mul_valid,i_mult.i_div.div_res_zero_q
1,i_mult.mul_valid,i_mult.i_div.rem_sel_q
1,i_mult.mul_valid,i_mult.word_op_q
1,i_mult.mul_valid,lsu_commit_ready_o
1,i_mult.mul_valid,lsu_ready_o
1,i_mult.mul_valid,no_st_pending_o
1,icache_areq_i.fetch_req,fpu_ready_o
1,icache_areq_i.fetch_req,lsu_commit_ready_o
1,icache_areq_i.fetch_req,lsu_ready_o
1,icache_areq_i.fetch_req,no_st_pending_o
1,is_compressed_instr_i,fpu_ready_o
1,is_compressed_instr_i,lsu_commit_ready_o
1,is_compressed_instr_i,lsu_ready_o
1,is_compressed_instr_i,no_st_pending_o
1,lsu_commit_i,flu_ready_o
1,lsu_commit_i,lsu_commit_ready_o
1,lsu_commit_i,lsu_ready_o
1,lsu_i.i_store_unit.state_q[0],flu_ready_o
1,lsu_i.i_store_unit.state_q[0],lsu_commit_ready_o
1,lsu_i.i_store_unit.state_q[0],lsu_ready_o
1,lsu_i.i_store_unit.state_q[0],no_st_pending_o
1,lsu_i.i_store_unit.state_q[1],i_mult.i_div.div_res_zero_q
1,lsu_i.i_store_unit.state_q[1],i_mult.i_div.rem_sel_q
1,lsu_i.i_store_unit.state_q[1],i_mult.word_op_q
1,lsu_i.i_store_unit.state_q[1],lsu_i.i_store_unit.store_buffer_i.commit_queue_q[2].valid
1,lsu_i.i_store_unit.state_q[1],lsu_i.lsu_bypass_i.mem_q[0].valid
1,lsu_i.i_store_unit.state_q[1],lsu_i.lsu_bypass_i.mem_q[1].valid
1,lsu_i.i_store_unit.state_q[1],lsu_i.lsu_bypass_i.read_pointer_q
1,lsu_i.i_store_unit.state_q[1],lsu_i.lsu_bypass_i.status_cnt_q[1]
1,lsu_i.i_store_unit.state_q[1],lsu_i.lsu_bypass_i.write_pointer_q
1,lsu_i.i_store_unit.store_buffer_i.commit_queue_q[0].valid,flu_ready_o
1,lsu_i.i_store_unit.store_buffer_i.commit_queue_q[0].valid,lsu_commit_ready_o
1,lsu_i.i_store_unit.store_buffer_i.commit_queue_q[0].valid,lsu_i.i_store_unit.store_buffer_i.commit_read_pointer_q[0]
1,lsu_i.i_store_unit.store_buffer_i.commit_queue_q[0].valid,lsu_i.i_store_unit.store_buffer_i.commit_write_pointer_q[0]
1,lsu_i.i_store_unit.store_buffer_i.commit_queue_q[0].valid,lsu_i.i_store_unit.store_buffer_i.speculative_read_pointer_q[0]
1,lsu_i.i_store_unit.store_buffer_i.commit_queue_q[0].valid,lsu_i.i_store_unit.store_buffer_i.speculative_write_pointer_q[0]
1,lsu_i.i_store_unit.store_buffer_i.commit_queue_q[0].valid,lsu_ready_o
1,lsu_i.i_store_unit.store_buffer_i.commit_queue_q[0].valid,no_st_pending_o
1,lsu_i.i_store_unit.store_buffer_i.commit_queue_q[1].valid,flu_ready_o
1,lsu_i.i_store_unit.store_buffer_i.commit_queue_q[1].valid,lsu_commit_ready_o
1,lsu_i.i_store_unit.store_buffer_i.commit_queue_q[1].valid,lsu_i.i_store_unit.store_buffer_i.commit_read_pointer_q[1]
1,lsu_i.i_store_unit.store_buffer_i.commit_queue_q[1].valid,lsu_i.i_store_unit.store_buffer_i.commit_write_pointer_q[1]
1,lsu_i.i_store_unit.store_buffer_i.commit_queue_q[1].valid,lsu_i.i_store_unit.store_buffer_i.speculative_read_pointer_q[1]
1,lsu_i.i_store_unit.store_buffer_i.commit_queue_q[1].valid,lsu_i.i_store_unit.store_buffer_i.speculative_write_pointer_q[1]
1,lsu_i.i_store_unit.store_buffer_i.commit_queue_q[1].valid,lsu_ready_o
1,lsu_i.i_store_unit.store_buffer_i.commit_queue_q[1].valid,no_st_pending_o
1,lsu_i.i_store_unit.store_buffer_i.commit_read_pointer_q[0],lsu_commit_ready_o
1,lsu_i.i_store_unit.store_buffer_i.commit_read_pointer_q[0],lsu_ready_o
1,lsu_i.i_store_unit.store_buffer_i.commit_write_pointer_q[0],lsu_commit_ready_o
1,lsu_i.i_store_unit.store_buffer_i.commit_write_pointer_q[0],lsu_i.i_store_unit.store_buffer_i.commit_read_pointer_q[0]
1,lsu_i.i_store_unit.store_buffer_i.commit_write_pointer_q[0],lsu_ready_o
1,lsu_i.i_store_unit.store_buffer_i.speculative_queue_q[0].valid,flu_ready_o
1,lsu_i.i_store_unit.store_buffer_i.speculative_queue_q[0].valid,lsu_commit_ready_o
1,lsu_i.i_store_unit.store_buffer_i.speculative_queue_q[0].valid,lsu_i.i_store_unit.store_buffer_i.commit_queue_q[0].valid
1,lsu_i.i_store_unit.store_buffer_i.speculative_queue_q[0].valid,lsu_i.i_store_unit.store_buffer_i.commit_write_pointer_q[0]
1,lsu_i.i_store_unit.store_buffer_i.speculative_queue_q[0].valid,lsu_i.i_store_unit.store_buffer_i.speculative_read_pointer_q[0]
1,lsu_i.i_store_unit.store_buffer_i.speculative_queue_q[0].valid,lsu_i.i_store_unit.store_buffer_i.speculative_write_pointer_q[0]
1,lsu_i.i_store_unit.store_buffer_i.speculative_queue_q[0].valid,lsu_ready_o
1,lsu_i.i_store_unit.store_buffer_i.speculative_queue_q[1].valid,flu_ready_o
1,lsu_i.i_store_unit.store_buffer_i.speculative_queue_q[1].valid,lsu_commit_ready_o
1,lsu_i.i_store_unit.store_buffer_i.speculative_queue_q[1].valid,lsu_i.i_store_unit.store_buffer_i.commit_queue_q[1].valid
1,lsu_i.i_store_unit.store_buffer_i.speculative_queue_q[1].valid,lsu_i.i_store_unit.store_buffer_i.commit_read_pointer_q[0]
1,lsu_i.i_store_unit.store_buffer_i.speculative_queue_q[1].valid,lsu_i.i_store_unit.store_buffer_i.commit_write_pointer_q[1]
1,lsu_i.i_store_unit.store_buffer_i.speculative_queue_q[1].valid,lsu_i.i_store_unit.store_buffer_i.speculative_read_pointer_q[1]
1,lsu_i.i_store_unit.store_buffer_i.speculative_queue_q[1].valid,lsu_i.i_store_unit.store_buffer_i.speculative_write_pointer_q[1]
1,lsu_i.i_store_unit.store_buffer_i.speculative_queue_q[1].valid,lsu_ready_o
1,lsu_i.i_store_unit.store_buffer_i.speculative_read_pointer_q[0],lsu_commit_ready_o
1,lsu_i.i_store_unit.store_buffer_i.speculative_read_pointer_q[0],lsu_i.i_store_unit.store_buffer_i.commit_read_pointer_q[0]
1,lsu_i.i_store_unit.store_buffer_i.speculative_read_pointer_q[0],lsu_ready_o
1,lsu_i.i_store_unit.store_buffer_i.speculative_write_pointer_q[0],lsu_commit_ready_o
1,lsu_i.i_store_unit.store_buffer_i.speculative_write_pointer_q[0],lsu_i.i_store_unit.store_buffer_i.commit_write_pointer_q[0]
1,lsu_i.i_store_unit.store_buffer_i.speculative_write_pointer_q[0],lsu_i.i_store_unit.store_buffer_i.speculative_read_pointer_q[0]
1,lsu_i.i_store_unit.store_buffer_i.speculative_write_pointer_q[0],lsu_ready_o
1,lsu_i.lsu_bypass_i.read_pointer_q,lsu_commit_ready_o
1,lsu_i.lsu_bypass_i.read_pointer_q,lsu_ready_o
1,lsu_i.lsu_bypass_i.write_pointer_q,lsu_commit_ready_o
1,lsu_i.lsu_bypass_i.write_pointer_q,lsu_ready_o
1,lsu_valid_i,flu_ready_o
1,lsu_valid_i,lsu_commit_ready_o
1,lsu_valid_i,lsu_ready_o
1,lsu_valid_i,no_st_pending_o
1,mult_valid_i,flu_valid_o
1,mult_valid_i,i_mult.i_div.div_res_zero_q
1,mult_valid_i,i_mult.i_div.rem_sel_q
1,mult_valid_i,lsu_commit_ready_o
1,mult_valid_i,lsu_ready_o
1,mult_valid_i,no_st_pending_o
2,flush_i,fpu_ready_o
2,flush_i,lsu_ready_o
4,alu_valid_i,fpu_ready_o
4,branch_valid_i,fpu_ready_o
4,csr_buffer_i.csr_reg_q.valid,fpu_ready_o
4,csr_commit_i,fpu_ready_o
4,csr_valid_i,fpu_ready_o
4,dcache_req_ports_i[1].data_gnt,fpu_ready_o
4,dcache_req_ports_i[1].data_rvalid,fpu_ready_o
4,dcache_req_ports_i[2].data_gnt,fpu_ready_o
4,dcache_req_ports_i[2].data_gnt,lsu_commit_ready_o
4,dcache_wbuffer_empty_i,lsu_commit_ready_o
4,debug_mode_i,fpu_ready_o
4,debug_mode_i,lsu_commit_ready_o
4,debug_mode_i,lsu_ready_o
4,flush_i,flu_ready_o
4,i_mult.i_div.state_q[0],fpu_ready_o
4,i_mult.i_multiplier.mult_valid_o,fpu_ready_o
4,i_mult.mul_valid,fpu_ready_o
4,lsu_commit_i,fpu_ready_o
4,lsu_i.i_store_unit.state_q[0],fpu_ready_o
4,lsu_i.i_store_unit.state_q[1],fpu_ready_o
4,lsu_i.i_store_unit.store_buffer_i.commit_queue_q[0].valid,fpu_ready_o
4,lsu_i.i_store_unit.store_buffer_i.commit_queue_q[1].valid,fpu_ready_o
4,lsu_i.i_store_unit.store_buffer_i.commit_queue_q[2].valid,flu_ready_o
4,lsu_i.i_store_unit.store_buffer_i.commit_queue_q[2].valid,fpu_ready_o
4,lsu_i.i_store_unit.store_buffer_i.commit_queue_q[2].valid,lsu_commit_ready_o
4,lsu_i.i_store_unit.store_buffer_i.commit_queue_q[2].valid,lsu_i.i_store_unit.store_buffer_i.commit_read_pointer_q[0]
4,lsu_i.i_store_unit.store_buffer_i.commit_queue_q[2].valid,lsu_i.i_store_unit.store_buffer_i.commit_read_pointer_q[1]
4,lsu_i.i_store_unit.store_buffer_i.commit_queue_q[2].valid,lsu_i.i_store_unit.store_buffer_i.commit_write_pointer_q[0]
4,lsu_i.i_store_unit.store_buffer_i.commit_queue_q[2].valid,lsu_i.i_store_unit.store_buffer_i.commit_write_pointer_q[1]
4,lsu_i.i_store_unit.store_buffer_i.commit_queue_q[2].valid,lsu_i.i_store_unit.store_buffer_i.speculative_read_pointer_q[0]
4,lsu_i.i_store_unit.store_buffer_i.commit_queue_q[2].valid,lsu_i.i_store_unit.store_buffer_i.speculative_read_pointer_q[1]
4,lsu_i.i_store_unit.store_buffer_i.commit_queue_q[2].valid,lsu_i.i_store_unit.store_buffer_i.speculative_write_pointer_q[0]
4,lsu_i.i_store_unit.store_buffer_i.commit_queue_q[2].valid,lsu_i.i_store_unit.store_buffer_i.speculative_write_pointer_q[1]
4,lsu_i.i_store_unit.store_buffer_i.commit_queue_q[2].valid,lsu_ready_o
4,lsu_i.i_store_unit.store_buffer_i.commit_queue_q[2].valid,no_st_pending_o
4,lsu_i.i_store_unit.store_buffer_i.commit_queue_q[3].valid,flu_ready_o
4,lsu_i.i_store_unit.store_buffer_i.commit_queue_q[3].valid,fpu_ready_o
4,lsu_i.i_store_unit.store_buffer_i.commit_queue_q[3].valid,lsu_commit_ready_o
4,lsu_i.i_store_unit.store_buffer_i.commit_queue_q[3].valid,lsu_i.lsu_bypass_i.read_pointer_q
4,lsu_i.i_store_unit.store_buffer_i.commit_queue_q[3].valid,lsu_i.lsu_bypass_i.write_pointer_q
4,lsu_i.i_store_unit.store_buffer_i.commit_queue_q[3].valid,lsu_ready_o
4,lsu_i.i_store_unit.store_buffer_i.commit_queue_q[3].valid,no_st_pending_o
4,lsu_i.i_store_unit.store_buffer_i.commit_read_pointer_q[0],fpu_ready_o
4,lsu_i.i_store_unit.store_buffer_i.commit_read_pointer_q[1],fpu_ready_o
4,lsu_i.i_store_unit.store_buffer_i.commit_read_pointer_q[1],lsu_commit_ready_o
4,lsu_i.i_store_unit.store_buffer_i.commit_read_pointer_q[1],lsu_ready_o
4,lsu_i.i_store_unit.store_buffer_i.commit_write_pointer_q[0],fpu_ready_o
4,lsu_i.i_store_unit.store_buffer_i.commit_write_pointer_q[1],fpu_ready_o
4,lsu_i.i_store_unit.store_buffer_i.commit_write_pointer_q[1],lsu_commit_ready_o
4,lsu_i.i_store_unit.store_buffer_i.commit_write_pointer_q[1],lsu_i.i_store_unit.store_buffer_i.commit_read_pointer_q[1]
4,lsu_i.i_store_unit.store_buffer_i.commit_write_pointer_q[1],lsu_ready_o
4,lsu_i.i_store_unit.store_buffer_i.speculative_queue_q[0].valid,fpu_ready_o
4,lsu_i.i_store_unit.store_buffer_i.speculative_queue_q[1].valid,fpu_ready_o
4,lsu_i.i_store_unit.store_buffer_i.speculative_queue_q[2].valid,flu_ready_o
4,lsu_i.i_store_unit.store_buffer_i.speculative_queue_q[2].valid,fpu_ready_o
4,lsu_i.i_store_unit.store_buffer_i.speculative_queue_q[2].valid,lsu_commit_ready_o
4,lsu_i.i_store_unit.store_buffer_i.speculative_queue_q[2].valid,lsu_i.i_store_unit.store_buffer_i.commit_queue_q[2].valid
4,lsu_i.i_store_unit.store_buffer_i.speculative_queue_q[2].valid,lsu_i.i_store_unit.store_buffer_i.commit_read_pointer_q[1]
4,lsu_i.i_store_unit.store_buffer_i.speculative_queue_q[2].valid,lsu_i.i_store_unit.store_buffer_i.commit_write_pointer_q[0]
4,lsu_i.i_store_unit.store_buffer_i.speculative_queue_q[2].valid,lsu_i.i_store_unit.store_buffer_i.commit_write_pointer_q[1]
4,lsu_i.i_store_unit.store_buffer_i.speculative_queue_q[2].valid,lsu_i.i_store_unit.store_buffer_i.speculative_read_pointer_q[0]
4,lsu_i.i_store_unit.store_buffer_i.speculative_queue_q[2].valid,lsu_i.i_store_unit.store_buffer_i.speculative_read_pointer_q[1]
4,lsu_i.i_store_unit.store_buffer_i.speculative_queue_q[2].valid,lsu_i.i_store_unit.store_buffer_i.speculative_write_pointer_q[0]
4,lsu_i.i_store_unit.store_buffer_i.speculative_queue_q[2].valid,lsu_i.i_store_unit.store_buffer_i.speculative_write_pointer_q[1]
4,lsu_i.i_store_unit.store_buffer_i.speculative_queue_q[2].valid,lsu_ready_o
4,lsu_i.i_store_unit.store_buffer_i.speculative_queue_q[3].valid,flu_ready_o
4,lsu_i.i_store_unit.store_buffer_i.speculative_queue_q[3].valid,fpu_ready_o
4,lsu_i.i_store_unit.store_buffer_i.speculative_queue_q[3].valid,lsu_commit_ready_o
4,lsu_i.i_store_unit.store_buffer_i.speculative_queue_q[3].valid,lsu_i.i_store_unit.store_buffer_i.commit_queue_q[3].valid
4,lsu_i.i_store_unit.store_buffer_i.speculative_queue_q[3].valid,lsu_i.i_store_unit.store_buffer_i.commit_read_pointer_q[0]
4,lsu_i.i_store_unit.store_buffer_i.speculative_queue_q[3].valid,lsu_i.i_store_unit.store_buffer_i.commit_read_pointer_q[1]
4,lsu_i.i_store_unit.store_buffer_i.speculative_queue_q[3].valid,lsu_i.lsu_bypass_i.read_pointer_q
4,lsu_i.i_store_unit.store_buffer_i.speculative_queue_q[3].valid,lsu_i.lsu_bypass_i.write_pointer_q
4,lsu_i.i_store_unit.store_buffer_i.speculative_queue_q[3].valid,lsu_ready_o
4,lsu_i.i_store_unit.store_buffer_i.speculative_read_pointer_q[0],fpu_ready_o
4,lsu_i.i_store_unit.store_buffer_i.speculative_read_pointer_q[1],fpu_ready_o
4,lsu_i.i_store_unit.store_buffer_i.speculative_read_pointer_q[1],lsu_commit_ready_o
4,lsu_i.i_store_unit.store_buffer_i.speculative_read_pointer_q[1],lsu_i.i_store_unit.store_buffer_i.commit_read_pointer_q[1]
4,lsu_i.i_store_unit.store_buffer_i.speculative_read_pointer_q[1],lsu_ready_o
4,lsu_i.i_store_unit.store_buffer_i.speculative_write_pointer_q[0],fpu_ready_o
4,lsu_i.i_store_unit.store_buffer_i.speculative_write_pointer_q[1],fpu_ready_o
4,lsu_i.i_store_unit.store_buffer_i.speculative_write_pointer_q[1],lsu_commit_ready_o
4,lsu_i.i_store_unit.store_buffer_i.speculative_write_pointer_q[1],lsu_i.i_store_unit.store_buffer_i.commit_write_pointer_q[1]
4,lsu_i.i_store_unit.store_buffer_i.speculative_write_pointer_q[1],lsu_i.i_store_unit.store_buffer_i.speculative_read_pointer_q[1]
4,lsu_i.i_store_unit.store_buffer_i.speculative_write_pointer_q[1],lsu_ready_o
4,lsu_i.lsu_bypass_i.mem_q[0].valid,fpu_ready_o
4,lsu_i.lsu_bypass_i.mem_q[1].valid,fpu_ready_o
4,lsu_i.lsu_bypass_i.read_pointer_q,fpu_ready_o
4,lsu_i.lsu_bypass_i.status_cnt_q[0],fpu_ready_o
4,lsu_i.lsu_bypass_i.status_cnt_q[1],fpu_ready_o
4,lsu_i.lsu_bypass_i.write_pointer_q,fpu_ready_o
4,lsu_valid_i,fpu_ready_o
4,mult_valid_i,fpu_ready_o
