"proven","fence_i_o","commit_lsu_ready_i"
"proven","fence_o","commit_lsu_ready_i"
"proven","no_st_pending_i","commit_lsu_ready_i"
"cex","commit_ack_o[0]","commit_lsu_ready_i"
"cex","commit_ack_o[1]","commit_instr_i[1].use_imm"
"cex","commit_ack_o[1]","commit_lsu_ready_i"
"cex","commit_ack_o[1]","no_st_pending_i"
"cex","commit_csr_o","commit_lsu_ready_i"
"cex","commit_instr_i[0].ex.valid","commit_instr_i[0].use_imm"
"cex","commit_instr_i[0].ex.valid","commit_instr_i[1].use_imm"
"cex","commit_instr_i[0].ex.valid","commit_lsu_ready_i"
"cex","commit_instr_i[0].ex.valid","no_st_pending_i"
"cex","commit_instr_i[0].is_compressed","commit_lsu_ready_i"
"cex","commit_instr_i[0].is_compressed","no_st_pending_i"
"cex","commit_instr_i[0].use_imm","commit_lsu_ready_i"
"cex","commit_instr_i[0].use_pc","commit_lsu_ready_i"
"cex","commit_instr_i[0].use_pc","no_st_pending_i"
"cex","commit_instr_i[0].valid","commit_lsu_ready_i"
"cex","commit_instr_i[1].ex.valid","commit_instr_i[1].use_imm"
"cex","commit_instr_i[1].ex.valid","commit_lsu_ready_i"
"cex","commit_instr_i[1].ex.valid","no_st_pending_i"
"cex","commit_instr_i[1].is_compressed","commit_lsu_ready_i"
"cex","commit_instr_i[1].is_compressed","no_st_pending_i"
"cex","commit_instr_i[1].use_imm","commit_lsu_ready_i"
"cex","commit_instr_i[1].use_pc","commit_instr_i[0].use_imm"
"cex","commit_instr_i[1].use_pc","commit_instr_i[1].use_imm"
"cex","commit_instr_i[1].use_pc","commit_lsu_ready_i"
"cex","commit_instr_i[1].use_pc","no_st_pending_i"
"cex","commit_instr_i[1].valid","commit_instr_i[1].use_imm"
"cex","commit_instr_i[1].valid","commit_lsu_ready_i"
"cex","commit_instr_i[1].valid","no_st_pending_i"
"cex","commit_lsu_o","commit_lsu_ready_i"
"cex","csr_write_fflags_o","commit_lsu_ready_i"
"cex","csr_write_fflags_o","no_st_pending_i"
"cex","dirty_fp_state_o","commit_lsu_ready_i"
"cex","dirty_fp_state_o","no_st_pending_i"
"cex","exception_o.valid","commit_instr_i[0].use_imm"
"cex","exception_o.valid","commit_instr_i[1].use_imm"
"cex","exception_o.valid","commit_lsu_ready_i"
"cex","exception_o.valid","no_st_pending_i"
"cex","fence_i_o","commit_instr_i[0].use_imm"
"cex","fence_i_o","commit_instr_i[1].use_imm"
"cex","fence_i_o","no_st_pending_i"
"cex","fence_o","commit_instr_i[0].use_imm"
"cex","fence_o","commit_instr_i[1].use_imm"
"cex","fence_o","no_st_pending_i"
"cex","we_fpr_o[0]","commit_lsu_ready_i"
"cex","we_fpr_o[0]","no_st_pending_i"
"cex","we_gpr_o[0]","commit_lsu_ready_i"
"cex","we_gpr_o[1]","commit_instr_i[1].use_imm"
"cex","we_gpr_o[1]","commit_lsu_ready_i"
"cex","we_gpr_o[1]","no_st_pending_i"
