"proven","flush_i","flu_ready_o"
"proven","flush_i","fpu_ready_o"
"proven","flush_i","lsu_ready_o"
"cex","alu_valid_i","flu_ready_o"
"cex","alu_valid_i","fpu_ready_o"
"cex","alu_valid_i","ld_st_priv_lvl_i[0]"
"cex","alu_valid_i","ld_st_priv_lvl_i[1]"
"cex","alu_valid_i","lsu_commit_ready_o"
"cex","alu_valid_i","lsu_ready_o"
"cex","alu_valid_i","no_st_pending_o"
"cex","alu_valid_i","priv_lvl_i[0]"
"cex","alu_valid_i","priv_lvl_i[1]"
"cex","branch_valid_i","dcache_wbuffer_empty_i"
"cex","branch_valid_i","flu_ready_o"
"cex","branch_valid_i","fpu_ready_o"
"cex","branch_valid_i","ld_st_priv_lvl_i[0]"
"cex","branch_valid_i","ld_st_priv_lvl_i[1]"
"cex","branch_valid_i","lsu_commit_ready_o"
"cex","branch_valid_i","lsu_ready_o"
"cex","branch_valid_i","no_st_pending_o"
"cex","branch_valid_i","priv_lvl_i[0]"
"cex","branch_valid_i","priv_lvl_i[1]"
"cex","csr_buffer_i.csr_reg_q.valid","flu_ready_o"
"cex","csr_buffer_i.csr_reg_q.valid","fpu_ready_o"
"cex","csr_buffer_i.csr_reg_q.valid","ld_st_priv_lvl_i[0]"
"cex","csr_buffer_i.csr_reg_q.valid","ld_st_priv_lvl_i[1]"
"cex","csr_buffer_i.csr_reg_q.valid","lsu_commit_ready_o"
"cex","csr_buffer_i.csr_reg_q.valid","lsu_ready_o"
"cex","csr_buffer_i.csr_reg_q.valid","no_st_pending_o"
"cex","csr_buffer_i.csr_reg_q.valid","priv_lvl_i[0]"
"cex","csr_buffer_i.csr_reg_q.valid","priv_lvl_i[1]"
"cex","csr_commit_i","flu_ready_o"
"cex","csr_commit_i","fpu_ready_o"
"cex","csr_commit_i","ld_st_priv_lvl_i[0]"
"cex","csr_commit_i","ld_st_priv_lvl_i[1]"
"cex","csr_commit_i","lsu_commit_ready_o"
"cex","csr_commit_i","lsu_ready_o"
"cex","csr_commit_i","no_st_pending_o"
"cex","csr_commit_i","priv_lvl_i[0]"
"cex","csr_commit_i","priv_lvl_i[1]"
"cex","csr_valid_i","csr_buffer_i.csr_reg_q.valid"
"cex","csr_valid_i","csr_commit_i"
"cex","csr_valid_i","fpu_ready_o"
"cex","csr_valid_i","ld_st_priv_lvl_i[0]"
"cex","csr_valid_i","ld_st_priv_lvl_i[1]"
"cex","csr_valid_i","lsu_commit_ready_o"
"cex","csr_valid_i","lsu_ready_o"
"cex","csr_valid_i","no_st_pending_o"
"cex","csr_valid_i","priv_lvl_i[0]"
"cex","csr_valid_i","priv_lvl_i[1]"
"cex","dcache_req_ports_i[1].data_gnt","dcache_wbuffer_empty_i"
"cex","dcache_req_ports_i[1].data_gnt","debug_mode_i"
"cex","dcache_req_ports_i[1].data_gnt","flu_ready_o"
"cex","dcache_req_ports_i[1].data_gnt","fpu_ready_o"
"cex","dcache_req_ports_i[1].data_gnt","ld_st_priv_lvl_i[0]"
"cex","dcache_req_ports_i[1].data_gnt","ld_st_priv_lvl_i[1]"
"cex","dcache_req_ports_i[1].data_gnt","lsu_commit_ready_o"
"cex","dcache_req_ports_i[1].data_gnt","lsu_ready_o"
"cex","dcache_req_ports_i[1].data_gnt","no_st_pending_o"
"cex","dcache_req_ports_i[1].data_gnt","priv_lvl_i[0]"
"cex","dcache_req_ports_i[1].data_gnt","priv_lvl_i[1]"
"cex","dcache_req_ports_i[1].data_rvalid","dcache_wbuffer_empty_i"
"cex","dcache_req_ports_i[1].data_rvalid","debug_mode_i"
"cex","dcache_req_ports_i[1].data_rvalid","flu_ready_o"
"cex","dcache_req_ports_i[1].data_rvalid","fpu_ready_o"
"cex","dcache_req_ports_i[1].data_rvalid","ld_st_priv_lvl_i[0]"
"cex","dcache_req_ports_i[1].data_rvalid","ld_st_priv_lvl_i[1]"
"cex","dcache_req_ports_i[1].data_rvalid","load_valid_o"
"cex","dcache_req_ports_i[1].data_rvalid","lsu_commit_ready_o"
"cex","dcache_req_ports_i[1].data_rvalid","lsu_ready_o"
"cex","dcache_req_ports_i[1].data_rvalid","no_st_pending_o"
"cex","dcache_req_ports_i[1].data_rvalid","priv_lvl_i[0]"
"cex","dcache_req_ports_i[1].data_rvalid","priv_lvl_i[1]"
"cex","dcache_req_ports_i[2].data_gnt","debug_mode_i"
"cex","dcache_req_ports_i[2].data_gnt","flu_ready_o"
"cex","dcache_req_ports_i[2].data_gnt","fpu_ready_o"
"cex","dcache_req_ports_i[2].data_gnt","ld_st_priv_lvl_i[0]"
"cex","dcache_req_ports_i[2].data_gnt","ld_st_priv_lvl_i[1]"
"cex","dcache_req_ports_i[2].data_gnt","lsu_commit_ready_o"
"cex","dcache_req_ports_i[2].data_gnt","lsu_ready_o"
"cex","dcache_req_ports_i[2].data_gnt","no_st_pending_o"
"cex","dcache_req_ports_i[2].data_gnt","priv_lvl_i[0]"
"cex","dcache_req_ports_i[2].data_gnt","priv_lvl_i[1]"
"cex","dcache_wbuffer_empty_i","fpu_ready_o"
"cex","dcache_wbuffer_empty_i","ld_st_priv_lvl_i[0]"
"cex","dcache_wbuffer_empty_i","ld_st_priv_lvl_i[1]"
"cex","dcache_wbuffer_empty_i","lsu_commit_ready_o"
"cex","dcache_wbuffer_empty_i","lsu_ready_o"
"cex","dcache_wbuffer_empty_i","priv_lvl_i[0]"
"cex","dcache_wbuffer_empty_i","priv_lvl_i[1]"
"cex","debug_mode_i","fpu_ready_o"
"cex","debug_mode_i","ld_st_priv_lvl_i[0]"
"cex","debug_mode_i","ld_st_priv_lvl_i[1]"
"cex","debug_mode_i","lsu_commit_ready_o"
"cex","debug_mode_i","lsu_ready_o"
"cex","debug_mode_i","priv_lvl_i[0]"
"cex","debug_mode_i","priv_lvl_i[1]"
"cex","flu_ready_o","fpu_ready_o"
"cex","flu_ready_o","ld_st_priv_lvl_i[0]"
"cex","flu_ready_o","ld_st_priv_lvl_i[1]"
"cex","flu_ready_o","lsu_commit_ready_o"
"cex","flu_ready_o","lsu_ready_o"
"cex","flu_ready_o","priv_lvl_i[0]"
"cex","flu_ready_o","priv_lvl_i[1]"
"cex","flu_valid_o","fpu_ready_o"
"cex","flu_valid_o","ld_st_priv_lvl_i[0]"
"cex","flu_valid_o","ld_st_priv_lvl_i[1]"
"cex","flu_valid_o","lsu_commit_ready_o"
"cex","flu_valid_o","lsu_ready_o"
"cex","flu_valid_o","no_st_pending_o"
"cex","flu_valid_o","priv_lvl_i[0]"
"cex","flu_valid_o","priv_lvl_i[1]"
"cex","flush_i","dcache_wbuffer_empty_i"
"cex","flush_i","ld_st_priv_lvl_i[0]"
"cex","flush_i","ld_st_priv_lvl_i[1]"
"cex","flush_i","lsu_commit_ready_o"
"cex","flush_i","no_st_pending_o"
"cex","flush_i","priv_lvl_i[0]"
"cex","flush_i","priv_lvl_i[1]"
"cex","fpu_valid_i","dcache_wbuffer_empty_i"
"cex","fpu_valid_i","flu_ready_o"
"cex","fpu_valid_i","fpu_ready_o"
"cex","fpu_valid_i","ld_st_priv_lvl_i[0]"
"cex","fpu_valid_i","ld_st_priv_lvl_i[1]"
"cex","fpu_valid_i","lsu_commit_ready_o"
"cex","fpu_valid_i","lsu_ready_o"
"cex","fpu_valid_i","no_st_pending_o"
"cex","fpu_valid_i","priv_lvl_i[0]"
"cex","fpu_valid_i","priv_lvl_i[1]"
"cex","fpu_valid_o","dcache_wbuffer_empty_i"
"cex","fpu_valid_o","flu_ready_o"
"cex","fpu_valid_o","fpu_ready_o"
"cex","fpu_valid_o","ld_st_priv_lvl_i[0]"
"cex","fpu_valid_o","ld_st_priv_lvl_i[1]"
"cex","fpu_valid_o","lsu_ready_o"
"cex","fpu_valid_o","no_st_pending_o"
"cex","fpu_valid_o","priv_lvl_i[0]"
"cex","fpu_valid_o","priv_lvl_i[1]"
"cex","i_mult.i_div.state_q[0]","dcache_wbuffer_empty_i"
"cex","i_mult.i_div.state_q[0]","flu_ready_o"
"cex","i_mult.i_div.state_q[0]","fpu_ready_o"
"cex","i_mult.i_div.state_q[0]","i_mult.i_div.div_res_zero_q"
"cex","i_mult.i_div.state_q[0]","i_mult.i_div.rem_sel_q"
"cex","i_mult.i_div.state_q[0]","ld_st_priv_lvl_i[0]"
"cex","i_mult.i_div.state_q[0]","ld_st_priv_lvl_i[1]"
"cex","i_mult.i_div.state_q[0]","lsu_commit_ready_o"
"cex","i_mult.i_div.state_q[0]","lsu_i.lsu_bypass_i.read_pointer_q"
"cex","i_mult.i_div.state_q[0]","lsu_i.lsu_bypass_i.write_pointer_q"
"cex","i_mult.i_div.state_q[0]","lsu_ready_o"
"cex","i_mult.i_div.state_q[0]","no_st_pending_o"
"cex","i_mult.i_div.state_q[0]","priv_lvl_i[0]"
"cex","i_mult.i_div.state_q[0]","priv_lvl_i[1]"
"cex","i_mult.i_multiplier.mult_valid_o","dcache_wbuffer_empty_i"
"cex","i_mult.i_multiplier.mult_valid_o","flu_ready_o"
"cex","i_mult.i_multiplier.mult_valid_o","fpu_ready_o"
"cex","i_mult.i_multiplier.mult_valid_o","i_mult.i_div.div_res_zero_q"
"cex","i_mult.i_multiplier.mult_valid_o","i_mult.i_div.rem_sel_q"
"cex","i_mult.i_multiplier.mult_valid_o","i_mult.word_op_q"
"cex","i_mult.i_multiplier.mult_valid_o","is_compressed_instr_i"
"cex","i_mult.i_multiplier.mult_valid_o","ld_st_priv_lvl_i[0]"
"cex","i_mult.i_multiplier.mult_valid_o","ld_st_priv_lvl_i[1]"
"cex","i_mult.i_multiplier.mult_valid_o","lsu_commit_ready_o"
"cex","i_mult.i_multiplier.mult_valid_o","lsu_ready_o"
"cex","i_mult.i_multiplier.mult_valid_o","no_st_pending_o"
"cex","i_mult.i_multiplier.mult_valid_o","priv_lvl_i[0]"
"cex","i_mult.i_multiplier.mult_valid_o","priv_lvl_i[1]"
"cex","i_mult.mul_valid","dcache_wbuffer_empty_i"
"cex","i_mult.mul_valid","flu_ready_o"
"cex","i_mult.mul_valid","fpu_ready_o"
"cex","i_mult.mul_valid","i_mult.i_div.div_res_zero_q"
"cex","i_mult.mul_valid","i_mult.i_div.rem_sel_q"
"cex","i_mult.mul_valid","i_mult.word_op_q"
"cex","i_mult.mul_valid","is_compressed_instr_i"
"cex","i_mult.mul_valid","ld_st_priv_lvl_i[0]"
"cex","i_mult.mul_valid","ld_st_priv_lvl_i[1]"
"cex","i_mult.mul_valid","lsu_commit_ready_o"
"cex","i_mult.mul_valid","lsu_ready_o"
"cex","i_mult.mul_valid","no_st_pending_o"
"cex","i_mult.mul_valid","priv_lvl_i[0]"
"cex","i_mult.mul_valid","priv_lvl_i[1]"
"cex","icache_areq_i.fetch_req","fpu_ready_o"
"cex","icache_areq_i.fetch_req","ld_st_priv_lvl_i[0]"
"cex","icache_areq_i.fetch_req","ld_st_priv_lvl_i[1]"
"cex","icache_areq_i.fetch_req","lsu_commit_ready_o"
"cex","icache_areq_i.fetch_req","lsu_ready_o"
"cex","icache_areq_i.fetch_req","no_st_pending_o"
"cex","icache_areq_i.fetch_req","priv_lvl_i[0]"
"cex","icache_areq_i.fetch_req","priv_lvl_i[1]"
"cex","is_compressed_instr_i","dcache_wbuffer_empty_i"
"cex","is_compressed_instr_i","fpu_ready_o"
"cex","is_compressed_instr_i","ld_st_priv_lvl_i[0]"
"cex","is_compressed_instr_i","ld_st_priv_lvl_i[1]"
"cex","is_compressed_instr_i","lsu_commit_ready_o"
"cex","is_compressed_instr_i","lsu_ready_o"
"cex","is_compressed_instr_i","no_st_pending_o"
"cex","is_compressed_instr_i","priv_lvl_i[0]"
"cex","is_compressed_instr_i","priv_lvl_i[1]"
"cex","load_valid_o","dcache_wbuffer_empty_i"
"cex","load_valid_o","debug_mode_i"
"cex","load_valid_o","flu_ready_o"
"cex","load_valid_o","fpu_ready_o"
"cex","load_valid_o","ld_st_priv_lvl_i[0]"
"cex","load_valid_o","ld_st_priv_lvl_i[1]"
"cex","load_valid_o","lsu_commit_ready_o"
"cex","load_valid_o","lsu_ready_o"
"cex","load_valid_o","no_st_pending_o"
"cex","load_valid_o","priv_lvl_i[0]"
"cex","load_valid_o","priv_lvl_i[1]"
"cex","lsu_commit_i","dcache_req_ports_i[2].data_gnt"
"cex","lsu_commit_i","dcache_wbuffer_empty_i"
"cex","lsu_commit_i","debug_mode_i"
"cex","lsu_commit_i","flu_ready_o"
"cex","lsu_commit_i","fpu_ready_o"
"cex","lsu_commit_i","icache_areq_i.fetch_req"
"cex","lsu_commit_i","ld_st_priv_lvl_i[0]"
"cex","lsu_commit_i","ld_st_priv_lvl_i[1]"
"cex","lsu_commit_i","lsu_commit_ready_o"
"cex","lsu_commit_i","lsu_ready_o"
"cex","lsu_commit_i","priv_lvl_i[0]"
"cex","lsu_commit_i","priv_lvl_i[1]"
"cex","lsu_i.i_store_unit.state_q[0]","dcache_wbuffer_empty_i"
"cex","lsu_i.i_store_unit.state_q[0]","debug_mode_i"
"cex","lsu_i.i_store_unit.state_q[0]","flu_ready_o"
"cex","lsu_i.i_store_unit.state_q[0]","fpu_ready_o"
"cex","lsu_i.i_store_unit.state_q[0]","ld_st_priv_lvl_i[0]"
"cex","lsu_i.i_store_unit.state_q[0]","ld_st_priv_lvl_i[1]"
"cex","lsu_i.i_store_unit.state_q[0]","lsu_commit_i"
"cex","lsu_i.i_store_unit.state_q[0]","lsu_commit_ready_o"
"cex","lsu_i.i_store_unit.state_q[0]","lsu_ready_o"
"cex","lsu_i.i_store_unit.state_q[0]","no_st_pending_o"
"cex","lsu_i.i_store_unit.state_q[0]","priv_lvl_i[0]"
"cex","lsu_i.i_store_unit.state_q[0]","priv_lvl_i[1]"
"cex","lsu_i.i_store_unit.state_q[1]","fpu_ready_o"
"cex","lsu_i.i_store_unit.state_q[1]","i_mult.i_div.div_res_zero_q"
"cex","lsu_i.i_store_unit.state_q[1]","i_mult.i_div.rem_sel_q"
"cex","lsu_i.i_store_unit.state_q[1]","i_mult.word_op_q"
"cex","lsu_i.i_store_unit.state_q[1]","ld_st_priv_lvl_i[0]"
"cex","lsu_i.i_store_unit.state_q[1]","ld_st_priv_lvl_i[1]"
"cex","lsu_i.i_store_unit.state_q[1]","lsu_i.i_store_unit.store_buffer_i.commit_queue_q[2].valid"
"cex","lsu_i.i_store_unit.state_q[1]","lsu_i.lsu_bypass_i.mem_q[0].valid"
"cex","lsu_i.i_store_unit.state_q[1]","lsu_i.lsu_bypass_i.mem_q[1].valid"
"cex","lsu_i.i_store_unit.state_q[1]","lsu_i.lsu_bypass_i.read_pointer_q"
"cex","lsu_i.i_store_unit.state_q[1]","lsu_i.lsu_bypass_i.status_cnt_q[1]"
"cex","lsu_i.i_store_unit.state_q[1]","lsu_i.lsu_bypass_i.write_pointer_q"
"cex","lsu_i.i_store_unit.state_q[1]","priv_lvl_i[0]"
"cex","lsu_i.i_store_unit.state_q[1]","priv_lvl_i[1]"
"cex","lsu_i.i_store_unit.store_buffer_i.commit_queue_q[0].valid","debug_mode_i"
"cex","lsu_i.i_store_unit.store_buffer_i.commit_queue_q[0].valid","flu_ready_o"
"cex","lsu_i.i_store_unit.store_buffer_i.commit_queue_q[0].valid","fpu_ready_o"
"cex","lsu_i.i_store_unit.store_buffer_i.commit_queue_q[0].valid","ld_st_priv_lvl_i[0]"
"cex","lsu_i.i_store_unit.store_buffer_i.commit_queue_q[0].valid","ld_st_priv_lvl_i[1]"
"cex","lsu_i.i_store_unit.store_buffer_i.commit_queue_q[0].valid","lsu_commit_ready_o"
"cex","lsu_i.i_store_unit.store_buffer_i.commit_queue_q[0].valid","lsu_i.i_store_unit.store_buffer_i.commit_read_pointer_q[0]"
"cex","lsu_i.i_store_unit.store_buffer_i.commit_queue_q[0].valid","lsu_i.i_store_unit.store_buffer_i.commit_write_pointer_q[0]"
"cex","lsu_i.i_store_unit.store_buffer_i.commit_queue_q[0].valid","lsu_i.i_store_unit.store_buffer_i.speculative_read_pointer_q[0]"
"cex","lsu_i.i_store_unit.store_buffer_i.commit_queue_q[0].valid","lsu_i.i_store_unit.store_buffer_i.speculative_write_pointer_q[0]"
"cex","lsu_i.i_store_unit.store_buffer_i.commit_queue_q[0].valid","lsu_ready_o"
"cex","lsu_i.i_store_unit.store_buffer_i.commit_queue_q[0].valid","no_st_pending_o"
"cex","lsu_i.i_store_unit.store_buffer_i.commit_queue_q[0].valid","priv_lvl_i[0]"
"cex","lsu_i.i_store_unit.store_buffer_i.commit_queue_q[0].valid","priv_lvl_i[1]"
"cex","lsu_i.i_store_unit.store_buffer_i.commit_queue_q[1].valid","debug_mode_i"
"cex","lsu_i.i_store_unit.store_buffer_i.commit_queue_q[1].valid","flu_ready_o"
"cex","lsu_i.i_store_unit.store_buffer_i.commit_queue_q[1].valid","fpu_ready_o"
"cex","lsu_i.i_store_unit.store_buffer_i.commit_queue_q[1].valid","ld_st_priv_lvl_i[0]"
"cex","lsu_i.i_store_unit.store_buffer_i.commit_queue_q[1].valid","ld_st_priv_lvl_i[1]"
"cex","lsu_i.i_store_unit.store_buffer_i.commit_queue_q[1].valid","lsu_commit_ready_o"
"cex","lsu_i.i_store_unit.store_buffer_i.commit_queue_q[1].valid","lsu_i.i_store_unit.store_buffer_i.commit_read_pointer_q[1]"
"cex","lsu_i.i_store_unit.store_buffer_i.commit_queue_q[1].valid","lsu_i.i_store_unit.store_buffer_i.commit_write_pointer_q[1]"
"cex","lsu_i.i_store_unit.store_buffer_i.commit_queue_q[1].valid","lsu_i.i_store_unit.store_buffer_i.speculative_read_pointer_q[1]"
"cex","lsu_i.i_store_unit.store_buffer_i.commit_queue_q[1].valid","lsu_i.i_store_unit.store_buffer_i.speculative_write_pointer_q[1]"
"cex","lsu_i.i_store_unit.store_buffer_i.commit_queue_q[1].valid","lsu_ready_o"
"cex","lsu_i.i_store_unit.store_buffer_i.commit_queue_q[1].valid","no_st_pending_o"
"cex","lsu_i.i_store_unit.store_buffer_i.commit_queue_q[1].valid","priv_lvl_i[0]"
"cex","lsu_i.i_store_unit.store_buffer_i.commit_queue_q[1].valid","priv_lvl_i[1]"
"cex","lsu_i.i_store_unit.store_buffer_i.commit_queue_q[2].valid","debug_mode_i"
"cex","lsu_i.i_store_unit.store_buffer_i.commit_queue_q[2].valid","flu_ready_o"
"cex","lsu_i.i_store_unit.store_buffer_i.commit_queue_q[2].valid","fpu_ready_o"
"cex","lsu_i.i_store_unit.store_buffer_i.commit_queue_q[2].valid","ld_st_priv_lvl_i[0]"
"cex","lsu_i.i_store_unit.store_buffer_i.commit_queue_q[2].valid","ld_st_priv_lvl_i[1]"
"cex","lsu_i.i_store_unit.store_buffer_i.commit_queue_q[2].valid","lsu_commit_ready_o"
"cex","lsu_i.i_store_unit.store_buffer_i.commit_queue_q[2].valid","lsu_i.i_store_unit.store_buffer_i.commit_read_pointer_q[0]"
"cex","lsu_i.i_store_unit.store_buffer_i.commit_queue_q[2].valid","lsu_i.i_store_unit.store_buffer_i.commit_read_pointer_q[1]"
"cex","lsu_i.i_store_unit.store_buffer_i.commit_queue_q[2].valid","lsu_i.i_store_unit.store_buffer_i.commit_write_pointer_q[0]"
"cex","lsu_i.i_store_unit.store_buffer_i.commit_queue_q[2].valid","lsu_i.i_store_unit.store_buffer_i.commit_write_pointer_q[1]"
"cex","lsu_i.i_store_unit.store_buffer_i.commit_queue_q[2].valid","lsu_i.i_store_unit.store_buffer_i.speculative_read_pointer_q[0]"
"cex","lsu_i.i_store_unit.store_buffer_i.commit_queue_q[2].valid","lsu_i.i_store_unit.store_buffer_i.speculative_read_pointer_q[1]"
"cex","lsu_i.i_store_unit.store_buffer_i.commit_queue_q[2].valid","lsu_i.i_store_unit.store_buffer_i.speculative_write_pointer_q[0]"
"cex","lsu_i.i_store_unit.store_buffer_i.commit_queue_q[2].valid","lsu_i.i_store_unit.store_buffer_i.speculative_write_pointer_q[1]"
"cex","lsu_i.i_store_unit.store_buffer_i.commit_queue_q[2].valid","lsu_ready_o"
"cex","lsu_i.i_store_unit.store_buffer_i.commit_queue_q[2].valid","no_st_pending_o"
"cex","lsu_i.i_store_unit.store_buffer_i.commit_queue_q[2].valid","priv_lvl_i[0]"
"cex","lsu_i.i_store_unit.store_buffer_i.commit_queue_q[2].valid","priv_lvl_i[1]"
"cex","lsu_i.i_store_unit.store_buffer_i.commit_queue_q[3].valid","debug_mode_i"
"cex","lsu_i.i_store_unit.store_buffer_i.commit_queue_q[3].valid","flu_ready_o"
"cex","lsu_i.i_store_unit.store_buffer_i.commit_queue_q[3].valid","fpu_ready_o"
"cex","lsu_i.i_store_unit.store_buffer_i.commit_queue_q[3].valid","ld_st_priv_lvl_i[0]"
"cex","lsu_i.i_store_unit.store_buffer_i.commit_queue_q[3].valid","ld_st_priv_lvl_i[1]"
"cex","lsu_i.i_store_unit.store_buffer_i.commit_queue_q[3].valid","lsu_commit_ready_o"
"cex","lsu_i.i_store_unit.store_buffer_i.commit_queue_q[3].valid","lsu_i.lsu_bypass_i.read_pointer_q"
"cex","lsu_i.i_store_unit.store_buffer_i.commit_queue_q[3].valid","lsu_i.lsu_bypass_i.write_pointer_q"
"cex","lsu_i.i_store_unit.store_buffer_i.commit_queue_q[3].valid","lsu_ready_o"
"cex","lsu_i.i_store_unit.store_buffer_i.commit_queue_q[3].valid","no_st_pending_o"
"cex","lsu_i.i_store_unit.store_buffer_i.commit_queue_q[3].valid","priv_lvl_i[0]"
"cex","lsu_i.i_store_unit.store_buffer_i.commit_queue_q[3].valid","priv_lvl_i[1]"
"cex","lsu_i.i_store_unit.store_buffer_i.commit_read_pointer_q[0]","fpu_ready_o"
"cex","lsu_i.i_store_unit.store_buffer_i.commit_read_pointer_q[0]","ld_st_priv_lvl_i[0]"
"cex","lsu_i.i_store_unit.store_buffer_i.commit_read_pointer_q[0]","ld_st_priv_lvl_i[1]"
"cex","lsu_i.i_store_unit.store_buffer_i.commit_read_pointer_q[0]","lsu_commit_ready_o"
"cex","lsu_i.i_store_unit.store_buffer_i.commit_read_pointer_q[0]","lsu_ready_o"
"cex","lsu_i.i_store_unit.store_buffer_i.commit_read_pointer_q[0]","priv_lvl_i[0]"
"cex","lsu_i.i_store_unit.store_buffer_i.commit_read_pointer_q[0]","priv_lvl_i[1]"
"cex","lsu_i.i_store_unit.store_buffer_i.commit_read_pointer_q[1]","debug_mode_i"
"cex","lsu_i.i_store_unit.store_buffer_i.commit_read_pointer_q[1]","fpu_ready_o"
"cex","lsu_i.i_store_unit.store_buffer_i.commit_read_pointer_q[1]","ld_st_priv_lvl_i[0]"
"cex","lsu_i.i_store_unit.store_buffer_i.commit_read_pointer_q[1]","ld_st_priv_lvl_i[1]"
"cex","lsu_i.i_store_unit.store_buffer_i.commit_read_pointer_q[1]","lsu_commit_ready_o"
"cex","lsu_i.i_store_unit.store_buffer_i.commit_read_pointer_q[1]","lsu_ready_o"
"cex","lsu_i.i_store_unit.store_buffer_i.commit_read_pointer_q[1]","priv_lvl_i[0]"
"cex","lsu_i.i_store_unit.store_buffer_i.commit_read_pointer_q[1]","priv_lvl_i[1]"
"cex","lsu_i.i_store_unit.store_buffer_i.commit_write_pointer_q[0]","fpu_ready_o"
"cex","lsu_i.i_store_unit.store_buffer_i.commit_write_pointer_q[0]","ld_st_priv_lvl_i[0]"
"cex","lsu_i.i_store_unit.store_buffer_i.commit_write_pointer_q[0]","ld_st_priv_lvl_i[1]"
"cex","lsu_i.i_store_unit.store_buffer_i.commit_write_pointer_q[0]","lsu_commit_ready_o"
"cex","lsu_i.i_store_unit.store_buffer_i.commit_write_pointer_q[0]","lsu_i.i_store_unit.store_buffer_i.commit_read_pointer_q[0]"
"cex","lsu_i.i_store_unit.store_buffer_i.commit_write_pointer_q[0]","lsu_ready_o"
"cex","lsu_i.i_store_unit.store_buffer_i.commit_write_pointer_q[0]","priv_lvl_i[0]"
"cex","lsu_i.i_store_unit.store_buffer_i.commit_write_pointer_q[0]","priv_lvl_i[1]"
"cex","lsu_i.i_store_unit.store_buffer_i.commit_write_pointer_q[1]","debug_mode_i"
"cex","lsu_i.i_store_unit.store_buffer_i.commit_write_pointer_q[1]","fpu_ready_o"
"cex","lsu_i.i_store_unit.store_buffer_i.commit_write_pointer_q[1]","ld_st_priv_lvl_i[0]"
"cex","lsu_i.i_store_unit.store_buffer_i.commit_write_pointer_q[1]","ld_st_priv_lvl_i[1]"
"cex","lsu_i.i_store_unit.store_buffer_i.commit_write_pointer_q[1]","lsu_commit_ready_o"
"cex","lsu_i.i_store_unit.store_buffer_i.commit_write_pointer_q[1]","lsu_i.i_store_unit.store_buffer_i.commit_read_pointer_q[1]"
"cex","lsu_i.i_store_unit.store_buffer_i.commit_write_pointer_q[1]","lsu_ready_o"
"cex","lsu_i.i_store_unit.store_buffer_i.commit_write_pointer_q[1]","priv_lvl_i[0]"
"cex","lsu_i.i_store_unit.store_buffer_i.commit_write_pointer_q[1]","priv_lvl_i[1]"
"cex","lsu_i.i_store_unit.store_buffer_i.speculative_queue_q[0].valid","dcache_req_ports_i[2].data_gnt"
"cex","lsu_i.i_store_unit.store_buffer_i.speculative_queue_q[0].valid","dcache_wbuffer_empty_i"
"cex","lsu_i.i_store_unit.store_buffer_i.speculative_queue_q[0].valid","debug_mode_i"
"cex","lsu_i.i_store_unit.store_buffer_i.speculative_queue_q[0].valid","flu_ready_o"
"cex","lsu_i.i_store_unit.store_buffer_i.speculative_queue_q[0].valid","fpu_ready_o"
"cex","lsu_i.i_store_unit.store_buffer_i.speculative_queue_q[0].valid","icache_areq_i.fetch_req"
"cex","lsu_i.i_store_unit.store_buffer_i.speculative_queue_q[0].valid","ld_st_priv_lvl_i[0]"
"cex","lsu_i.i_store_unit.store_buffer_i.speculative_queue_q[0].valid","ld_st_priv_lvl_i[1]"
"cex","lsu_i.i_store_unit.store_buffer_i.speculative_queue_q[0].valid","lsu_commit_ready_o"
"cex","lsu_i.i_store_unit.store_buffer_i.speculative_queue_q[0].valid","lsu_i.i_store_unit.store_buffer_i.commit_queue_q[0].valid"
"cex","lsu_i.i_store_unit.store_buffer_i.speculative_queue_q[0].valid","lsu_i.i_store_unit.store_buffer_i.commit_write_pointer_q[0]"
"cex","lsu_i.i_store_unit.store_buffer_i.speculative_queue_q[0].valid","lsu_i.i_store_unit.store_buffer_i.speculative_read_pointer_q[0]"
"cex","lsu_i.i_store_unit.store_buffer_i.speculative_queue_q[0].valid","lsu_i.i_store_unit.store_buffer_i.speculative_write_pointer_q[0]"
"cex","lsu_i.i_store_unit.store_buffer_i.speculative_queue_q[0].valid","lsu_ready_o"
"cex","lsu_i.i_store_unit.store_buffer_i.speculative_queue_q[0].valid","priv_lvl_i[0]"
"cex","lsu_i.i_store_unit.store_buffer_i.speculative_queue_q[0].valid","priv_lvl_i[1]"
"cex","lsu_i.i_store_unit.store_buffer_i.speculative_queue_q[1].valid","dcache_req_ports_i[2].data_gnt"
"cex","lsu_i.i_store_unit.store_buffer_i.speculative_queue_q[1].valid","dcache_wbuffer_empty_i"
"cex","lsu_i.i_store_unit.store_buffer_i.speculative_queue_q[1].valid","debug_mode_i"
"cex","lsu_i.i_store_unit.store_buffer_i.speculative_queue_q[1].valid","flu_ready_o"
"cex","lsu_i.i_store_unit.store_buffer_i.speculative_queue_q[1].valid","fpu_ready_o"
"cex","lsu_i.i_store_unit.store_buffer_i.speculative_queue_q[1].valid","icache_areq_i.fetch_req"
"cex","lsu_i.i_store_unit.store_buffer_i.speculative_queue_q[1].valid","ld_st_priv_lvl_i[0]"
"cex","lsu_i.i_store_unit.store_buffer_i.speculative_queue_q[1].valid","ld_st_priv_lvl_i[1]"
"cex","lsu_i.i_store_unit.store_buffer_i.speculative_queue_q[1].valid","lsu_commit_ready_o"
"cex","lsu_i.i_store_unit.store_buffer_i.speculative_queue_q[1].valid","lsu_i.i_store_unit.store_buffer_i.commit_queue_q[1].valid"
"cex","lsu_i.i_store_unit.store_buffer_i.speculative_queue_q[1].valid","lsu_i.i_store_unit.store_buffer_i.commit_read_pointer_q[0]"
"cex","lsu_i.i_store_unit.store_buffer_i.speculative_queue_q[1].valid","lsu_i.i_store_unit.store_buffer_i.commit_write_pointer_q[1]"
"cex","lsu_i.i_store_unit.store_buffer_i.speculative_queue_q[1].valid","lsu_i.i_store_unit.store_buffer_i.speculative_read_pointer_q[1]"
"cex","lsu_i.i_store_unit.store_buffer_i.speculative_queue_q[1].valid","lsu_i.i_store_unit.store_buffer_i.speculative_write_pointer_q[1]"
"cex","lsu_i.i_store_unit.store_buffer_i.speculative_queue_q[1].valid","lsu_ready_o"
"cex","lsu_i.i_store_unit.store_buffer_i.speculative_queue_q[1].valid","priv_lvl_i[0]"
"cex","lsu_i.i_store_unit.store_buffer_i.speculative_queue_q[1].valid","priv_lvl_i[1]"
"cex","lsu_i.i_store_unit.store_buffer_i.speculative_queue_q[2].valid","dcache_req_ports_i[2].data_gnt"
"cex","lsu_i.i_store_unit.store_buffer_i.speculative_queue_q[2].valid","dcache_wbuffer_empty_i"
"cex","lsu_i.i_store_unit.store_buffer_i.speculative_queue_q[2].valid","debug_mode_i"
"cex","lsu_i.i_store_unit.store_buffer_i.speculative_queue_q[2].valid","flu_ready_o"
"cex","lsu_i.i_store_unit.store_buffer_i.speculative_queue_q[2].valid","fpu_ready_o"
"cex","lsu_i.i_store_unit.store_buffer_i.speculative_queue_q[2].valid","icache_areq_i.fetch_req"
"cex","lsu_i.i_store_unit.store_buffer_i.speculative_queue_q[2].valid","ld_st_priv_lvl_i[0]"
"cex","lsu_i.i_store_unit.store_buffer_i.speculative_queue_q[2].valid","ld_st_priv_lvl_i[1]"
"cex","lsu_i.i_store_unit.store_buffer_i.speculative_queue_q[2].valid","lsu_commit_ready_o"
"cex","lsu_i.i_store_unit.store_buffer_i.speculative_queue_q[2].valid","lsu_i.i_store_unit.store_buffer_i.commit_queue_q[2].valid"
"cex","lsu_i.i_store_unit.store_buffer_i.speculative_queue_q[2].valid","lsu_i.i_store_unit.store_buffer_i.commit_read_pointer_q[1]"
"cex","lsu_i.i_store_unit.store_buffer_i.speculative_queue_q[2].valid","lsu_i.i_store_unit.store_buffer_i.commit_write_pointer_q[0]"
"cex","lsu_i.i_store_unit.store_buffer_i.speculative_queue_q[2].valid","lsu_i.i_store_unit.store_buffer_i.commit_write_pointer_q[1]"
"cex","lsu_i.i_store_unit.store_buffer_i.speculative_queue_q[2].valid","lsu_i.i_store_unit.store_buffer_i.speculative_read_pointer_q[0]"
"cex","lsu_i.i_store_unit.store_buffer_i.speculative_queue_q[2].valid","lsu_i.i_store_unit.store_buffer_i.speculative_read_pointer_q[1]"
"cex","lsu_i.i_store_unit.store_buffer_i.speculative_queue_q[2].valid","lsu_i.i_store_unit.store_buffer_i.speculative_write_pointer_q[0]"
"cex","lsu_i.i_store_unit.store_buffer_i.speculative_queue_q[2].valid","lsu_i.i_store_unit.store_buffer_i.speculative_write_pointer_q[1]"
"cex","lsu_i.i_store_unit.store_buffer_i.speculative_queue_q[2].valid","lsu_ready_o"
"cex","lsu_i.i_store_unit.store_buffer_i.speculative_queue_q[2].valid","priv_lvl_i[0]"
"cex","lsu_i.i_store_unit.store_buffer_i.speculative_queue_q[2].valid","priv_lvl_i[1]"
"cex","lsu_i.i_store_unit.store_buffer_i.speculative_queue_q[3].valid","dcache_req_ports_i[2].data_gnt"
"cex","lsu_i.i_store_unit.store_buffer_i.speculative_queue_q[3].valid","dcache_wbuffer_empty_i"
"cex","lsu_i.i_store_unit.store_buffer_i.speculative_queue_q[3].valid","debug_mode_i"
"cex","lsu_i.i_store_unit.store_buffer_i.speculative_queue_q[3].valid","flu_ready_o"
"cex","lsu_i.i_store_unit.store_buffer_i.speculative_queue_q[3].valid","fpu_ready_o"
"cex","lsu_i.i_store_unit.store_buffer_i.speculative_queue_q[3].valid","icache_areq_i.fetch_req"
"cex","lsu_i.i_store_unit.store_buffer_i.speculative_queue_q[3].valid","ld_st_priv_lvl_i[0]"
"cex","lsu_i.i_store_unit.store_buffer_i.speculative_queue_q[3].valid","ld_st_priv_lvl_i[1]"
"cex","lsu_i.i_store_unit.store_buffer_i.speculative_queue_q[3].valid","lsu_commit_ready_o"
"cex","lsu_i.i_store_unit.store_buffer_i.speculative_queue_q[3].valid","lsu_i.i_store_unit.store_buffer_i.commit_queue_q[3].valid"
"cex","lsu_i.i_store_unit.store_buffer_i.speculative_queue_q[3].valid","lsu_i.i_store_unit.store_buffer_i.commit_read_pointer_q[0]"
"cex","lsu_i.i_store_unit.store_buffer_i.speculative_queue_q[3].valid","lsu_i.i_store_unit.store_buffer_i.commit_read_pointer_q[1]"
"cex","lsu_i.i_store_unit.store_buffer_i.speculative_queue_q[3].valid","lsu_i.lsu_bypass_i.read_pointer_q"
"cex","lsu_i.i_store_unit.store_buffer_i.speculative_queue_q[3].valid","lsu_i.lsu_bypass_i.write_pointer_q"
"cex","lsu_i.i_store_unit.store_buffer_i.speculative_queue_q[3].valid","lsu_ready_o"
"cex","lsu_i.i_store_unit.store_buffer_i.speculative_queue_q[3].valid","priv_lvl_i[0]"
"cex","lsu_i.i_store_unit.store_buffer_i.speculative_queue_q[3].valid","priv_lvl_i[1]"
"cex","lsu_i.i_store_unit.store_buffer_i.speculative_read_pointer_q[0]","fpu_ready_o"
"cex","lsu_i.i_store_unit.store_buffer_i.speculative_read_pointer_q[0]","ld_st_priv_lvl_i[0]"
"cex","lsu_i.i_store_unit.store_buffer_i.speculative_read_pointer_q[0]","ld_st_priv_lvl_i[1]"
"cex","lsu_i.i_store_unit.store_buffer_i.speculative_read_pointer_q[0]","lsu_commit_ready_o"
"cex","lsu_i.i_store_unit.store_buffer_i.speculative_read_pointer_q[0]","lsu_i.i_store_unit.store_buffer_i.commit_read_pointer_q[0]"
"cex","lsu_i.i_store_unit.store_buffer_i.speculative_read_pointer_q[0]","lsu_ready_o"
"cex","lsu_i.i_store_unit.store_buffer_i.speculative_read_pointer_q[0]","priv_lvl_i[0]"
"cex","lsu_i.i_store_unit.store_buffer_i.speculative_read_pointer_q[0]","priv_lvl_i[1]"
"cex","lsu_i.i_store_unit.store_buffer_i.speculative_read_pointer_q[1]","debug_mode_i"
"cex","lsu_i.i_store_unit.store_buffer_i.speculative_read_pointer_q[1]","fpu_ready_o"
"cex","lsu_i.i_store_unit.store_buffer_i.speculative_read_pointer_q[1]","ld_st_priv_lvl_i[0]"
"cex","lsu_i.i_store_unit.store_buffer_i.speculative_read_pointer_q[1]","ld_st_priv_lvl_i[1]"
"cex","lsu_i.i_store_unit.store_buffer_i.speculative_read_pointer_q[1]","lsu_commit_ready_o"
"cex","lsu_i.i_store_unit.store_buffer_i.speculative_read_pointer_q[1]","lsu_i.i_store_unit.store_buffer_i.commit_read_pointer_q[1]"
"cex","lsu_i.i_store_unit.store_buffer_i.speculative_read_pointer_q[1]","lsu_ready_o"
"cex","lsu_i.i_store_unit.store_buffer_i.speculative_read_pointer_q[1]","priv_lvl_i[0]"
"cex","lsu_i.i_store_unit.store_buffer_i.speculative_read_pointer_q[1]","priv_lvl_i[1]"
"cex","lsu_i.i_store_unit.store_buffer_i.speculative_write_pointer_q[0]","fpu_ready_o"
"cex","lsu_i.i_store_unit.store_buffer_i.speculative_write_pointer_q[0]","ld_st_priv_lvl_i[0]"
"cex","lsu_i.i_store_unit.store_buffer_i.speculative_write_pointer_q[0]","ld_st_priv_lvl_i[1]"
"cex","lsu_i.i_store_unit.store_buffer_i.speculative_write_pointer_q[0]","lsu_commit_ready_o"
"cex","lsu_i.i_store_unit.store_buffer_i.speculative_write_pointer_q[0]","lsu_i.i_store_unit.store_buffer_i.commit_write_pointer_q[0]"
"cex","lsu_i.i_store_unit.store_buffer_i.speculative_write_pointer_q[0]","lsu_i.i_store_unit.store_buffer_i.speculative_read_pointer_q[0]"
"cex","lsu_i.i_store_unit.store_buffer_i.speculative_write_pointer_q[0]","lsu_ready_o"
"cex","lsu_i.i_store_unit.store_buffer_i.speculative_write_pointer_q[0]","priv_lvl_i[0]"
"cex","lsu_i.i_store_unit.store_buffer_i.speculative_write_pointer_q[0]","priv_lvl_i[1]"
"cex","lsu_i.i_store_unit.store_buffer_i.speculative_write_pointer_q[1]","debug_mode_i"
"cex","lsu_i.i_store_unit.store_buffer_i.speculative_write_pointer_q[1]","fpu_ready_o"
"cex","lsu_i.i_store_unit.store_buffer_i.speculative_write_pointer_q[1]","ld_st_priv_lvl_i[0]"
"cex","lsu_i.i_store_unit.store_buffer_i.speculative_write_pointer_q[1]","ld_st_priv_lvl_i[1]"
"cex","lsu_i.i_store_unit.store_buffer_i.speculative_write_pointer_q[1]","lsu_commit_ready_o"
"cex","lsu_i.i_store_unit.store_buffer_i.speculative_write_pointer_q[1]","lsu_i.i_store_unit.store_buffer_i.commit_write_pointer_q[1]"
"cex","lsu_i.i_store_unit.store_buffer_i.speculative_write_pointer_q[1]","lsu_i.i_store_unit.store_buffer_i.speculative_read_pointer_q[1]"
"cex","lsu_i.i_store_unit.store_buffer_i.speculative_write_pointer_q[1]","lsu_ready_o"
"cex","lsu_i.i_store_unit.store_buffer_i.speculative_write_pointer_q[1]","priv_lvl_i[0]"
"cex","lsu_i.i_store_unit.store_buffer_i.speculative_write_pointer_q[1]","priv_lvl_i[1]"
"cex","lsu_i.lsu_bypass_i.mem_q[0].valid","fpu_ready_o"
"cex","lsu_i.lsu_bypass_i.mem_q[0].valid","ld_st_priv_lvl_i[0]"
"cex","lsu_i.lsu_bypass_i.mem_q[0].valid","ld_st_priv_lvl_i[1]"
"cex","lsu_i.lsu_bypass_i.mem_q[0].valid","priv_lvl_i[0]"
"cex","lsu_i.lsu_bypass_i.mem_q[0].valid","priv_lvl_i[1]"
"cex","lsu_i.lsu_bypass_i.mem_q[1].valid","fpu_ready_o"
"cex","lsu_i.lsu_bypass_i.mem_q[1].valid","ld_st_priv_lvl_i[0]"
"cex","lsu_i.lsu_bypass_i.mem_q[1].valid","ld_st_priv_lvl_i[1]"
"cex","lsu_i.lsu_bypass_i.mem_q[1].valid","priv_lvl_i[0]"
"cex","lsu_i.lsu_bypass_i.mem_q[1].valid","priv_lvl_i[1]"
"cex","lsu_i.lsu_bypass_i.read_pointer_q","debug_mode_i"
"cex","lsu_i.lsu_bypass_i.read_pointer_q","fpu_ready_o"
"cex","lsu_i.lsu_bypass_i.read_pointer_q","ld_st_priv_lvl_i[0]"
"cex","lsu_i.lsu_bypass_i.read_pointer_q","ld_st_priv_lvl_i[1]"
"cex","lsu_i.lsu_bypass_i.read_pointer_q","lsu_commit_ready_o"
"cex","lsu_i.lsu_bypass_i.read_pointer_q","lsu_ready_o"
"cex","lsu_i.lsu_bypass_i.read_pointer_q","priv_lvl_i[0]"
"cex","lsu_i.lsu_bypass_i.read_pointer_q","priv_lvl_i[1]"
"cex","lsu_i.lsu_bypass_i.status_cnt_q[0]","fpu_ready_o"
"cex","lsu_i.lsu_bypass_i.status_cnt_q[0]","ld_st_priv_lvl_i[0]"
"cex","lsu_i.lsu_bypass_i.status_cnt_q[0]","ld_st_priv_lvl_i[1]"
"cex","lsu_i.lsu_bypass_i.status_cnt_q[0]","priv_lvl_i[0]"
"cex","lsu_i.lsu_bypass_i.status_cnt_q[0]","priv_lvl_i[1]"
"cex","lsu_i.lsu_bypass_i.status_cnt_q[1]","fpu_ready_o"
"cex","lsu_i.lsu_bypass_i.status_cnt_q[1]","ld_st_priv_lvl_i[0]"
"cex","lsu_i.lsu_bypass_i.status_cnt_q[1]","ld_st_priv_lvl_i[1]"
"cex","lsu_i.lsu_bypass_i.status_cnt_q[1]","priv_lvl_i[0]"
"cex","lsu_i.lsu_bypass_i.status_cnt_q[1]","priv_lvl_i[1]"
"cex","lsu_i.lsu_bypass_i.write_pointer_q","debug_mode_i"
"cex","lsu_i.lsu_bypass_i.write_pointer_q","fpu_ready_o"
"cex","lsu_i.lsu_bypass_i.write_pointer_q","ld_st_priv_lvl_i[0]"
"cex","lsu_i.lsu_bypass_i.write_pointer_q","ld_st_priv_lvl_i[1]"
"cex","lsu_i.lsu_bypass_i.write_pointer_q","lsu_commit_ready_o"
"cex","lsu_i.lsu_bypass_i.write_pointer_q","lsu_ready_o"
"cex","lsu_i.lsu_bypass_i.write_pointer_q","priv_lvl_i[0]"
"cex","lsu_i.lsu_bypass_i.write_pointer_q","priv_lvl_i[1]"
"cex","lsu_valid_i","dcache_wbuffer_empty_i"
"cex","lsu_valid_i","debug_mode_i"
"cex","lsu_valid_i","flu_ready_o"
"cex","lsu_valid_i","fpu_ready_o"
"cex","lsu_valid_i","ld_st_priv_lvl_i[0]"
"cex","lsu_valid_i","ld_st_priv_lvl_i[1]"
"cex","lsu_valid_i","lsu_commit_ready_o"
"cex","lsu_valid_i","lsu_ready_o"
"cex","lsu_valid_i","no_st_pending_o"
"cex","lsu_valid_i","priv_lvl_i[0]"
"cex","lsu_valid_i","priv_lvl_i[1]"
"cex","mult_valid_i","dcache_wbuffer_empty_i"
"cex","mult_valid_i","flu_valid_o"
"cex","mult_valid_i","fpu_ready_o"
"cex","mult_valid_i","i_mult.i_div.div_res_zero_q"
"cex","mult_valid_i","i_mult.i_div.rem_sel_q"
"cex","mult_valid_i","ld_st_priv_lvl_i[0]"
"cex","mult_valid_i","ld_st_priv_lvl_i[1]"
"cex","mult_valid_i","lsu_commit_ready_o"
"cex","mult_valid_i","lsu_ready_o"
"cex","mult_valid_i","no_st_pending_o"
"cex","mult_valid_i","priv_lvl_i[0]"
"cex","mult_valid_i","priv_lvl_i[1]"
"cex","resolve_branch_o","dcache_wbuffer_empty_i"
"cex","resolve_branch_o","flu_ready_o"
"cex","resolve_branch_o","fpu_ready_o"
"cex","resolve_branch_o","ld_st_priv_lvl_i[0]"
"cex","resolve_branch_o","ld_st_priv_lvl_i[1]"
"cex","resolve_branch_o","lsu_commit_ready_o"
"cex","resolve_branch_o","lsu_ready_o"
"cex","resolve_branch_o","no_st_pending_o"
"cex","resolve_branch_o","priv_lvl_i[0]"
"cex","resolve_branch_o","priv_lvl_i[1]"
"cex","resolved_branch_o.is_mispredict","dcache_wbuffer_empty_i"
"cex","resolved_branch_o.is_mispredict","flu_ready_o"
"cex","resolved_branch_o.is_mispredict","fpu_ready_o"
"cex","resolved_branch_o.is_mispredict","ld_st_priv_lvl_i[0]"
"cex","resolved_branch_o.is_mispredict","ld_st_priv_lvl_i[1]"
"cex","resolved_branch_o.is_mispredict","lsu_commit_ready_o"
"cex","resolved_branch_o.is_mispredict","lsu_ready_o"
"cex","resolved_branch_o.is_mispredict","no_st_pending_o"
"cex","resolved_branch_o.is_mispredict","priv_lvl_i[0]"
"cex","resolved_branch_o.is_mispredict","priv_lvl_i[1]"
"cex","resolved_branch_o.is_taken","dcache_wbuffer_empty_i"
"cex","resolved_branch_o.is_taken","flu_ready_o"
"cex","resolved_branch_o.is_taken","fpu_ready_o"
"cex","resolved_branch_o.is_taken","ld_st_priv_lvl_i[0]"
"cex","resolved_branch_o.is_taken","ld_st_priv_lvl_i[1]"
"cex","resolved_branch_o.is_taken","lsu_commit_ready_o"
"cex","resolved_branch_o.is_taken","lsu_ready_o"
"cex","resolved_branch_o.is_taken","no_st_pending_o"
"cex","resolved_branch_o.is_taken","priv_lvl_i[0]"
"cex","resolved_branch_o.is_taken","priv_lvl_i[1]"
"cex","store_valid_o","dcache_wbuffer_empty_i"
"cex","store_valid_o","debug_mode_i"
"cex","store_valid_o","flu_ready_o"
"cex","store_valid_o","fpu_ready_o"
"cex","store_valid_o","ld_st_priv_lvl_i[0]"
"cex","store_valid_o","ld_st_priv_lvl_i[1]"
"cex","store_valid_o","lsu_commit_i"
"cex","store_valid_o","lsu_commit_ready_o"
"cex","store_valid_o","lsu_ready_o"
"cex","store_valid_o","no_st_pending_o"
"cex","store_valid_o","priv_lvl_i[0]"
"cex","store_valid_o","priv_lvl_i[1]"
"cex","fpu_valid_o","lsu_commit_ready_o"
