"proven","bht_prediction[0].taken","gen_instr_scan[1].i_instr_scan.is_rvc"
"proven","bht_prediction[0].valid","gen_instr_scan[1].i_instr_scan.is_rvc"
"proven","bht_prediction[1].taken","gen_instr_scan[1].i_instr_scan.is_rvc"
"proven","bht_prediction[1].valid","gen_instr_scan[1].i_instr_scan.is_rvc"
"proven","bht_prediction_shifted[0].taken","gen_instr_scan[1].i_instr_scan.is_rvc"
"proven","bht_prediction_shifted[0].valid","gen_instr_scan[1].i_instr_scan.is_rvc"
"proven","bht_prediction_shifted[1].taken","gen_instr_scan[1].i_instr_scan.is_rvc"
"proven","bht_prediction_shifted[1].valid","gen_instr_scan[1].i_instr_scan.is_rvc"
"proven","bht_update.taken","gen_instr_scan[1].i_instr_scan.is_rvc"
"proven","bht_update.valid","gen_instr_scan[1].i_instr_scan.is_rvc"
"proven","bp_valid","gen_instr_scan[1].i_instr_scan.is_rvc"
"proven","btb_prediction[0].valid","gen_instr_scan[1].i_instr_scan.is_rvc"
"proven","btb_prediction_shifted[0].valid","gen_instr_scan[1].i_instr_scan.is_rvc"
"proven","btb_q.valid","gen_instr_scan[1].i_instr_scan.is_rvc"
"proven","btb_update.valid","gen_instr_scan[1].i_instr_scan.is_rvc"
"proven","btb_update.valid","i_instr_queue.gen_instr_fifo[0].i_fifo_instr_data.empty_o"
"proven","btb_update.valid","i_instr_queue.gen_instr_fifo[1].i_fifo_instr_data.empty_o"
"proven","btb_update.valid","i_instr_queue.idx_ds_d[0]"
"proven","btb_update.valid","i_instr_queue.idx_ds_q[0]"
"proven","btb_update.valid","i_instr_queue.instr_queue_empty[0]"
"proven","btb_update.valid","i_instr_queue.instr_queue_empty[1]"
"proven","btb_update.valid","i_instr_queue.ready_o"
"proven","btb_update.valid","icache_dreq_o.req"
"proven","btb_update.valid","instr_queue_ready"
"proven","debug_mode_i","gen_instr_scan[1].i_instr_scan.is_rvc"
"proven","eret_i","gen_instr_scan[1].i_instr_scan.is_rvc"
"proven","eret_i","i_instr_queue.gen_instr_fifo[0].i_fifo_instr_data.empty_o"
"proven","eret_i","i_instr_queue.gen_instr_fifo[1].i_fifo_instr_data.empty_o"
"proven","eret_i","i_instr_queue.idx_ds_d[0]"
"proven","eret_i","i_instr_queue.idx_ds_q[0]"
"proven","eret_i","i_instr_queue.instr_queue_empty[0]"
"proven","eret_i","i_instr_queue.instr_queue_empty[1]"
"proven","eret_i","i_instr_queue.ready_o"
"proven","eret_i","icache_dreq_o.req"
"proven","eret_i","instr_queue_ready"
"proven","ex_valid_i","gen_instr_scan[1].i_instr_scan.is_rvc"
"proven","ex_valid_i","i_instr_queue.gen_instr_fifo[0].i_fifo_instr_data.empty_o"
"proven","ex_valid_i","i_instr_queue.gen_instr_fifo[1].i_fifo_instr_data.empty_o"
"proven","ex_valid_i","i_instr_queue.idx_ds_d[0]"
"proven","ex_valid_i","i_instr_queue.idx_ds_q[0]"
"proven","ex_valid_i","i_instr_queue.instr_queue_empty[0]"
"proven","ex_valid_i","i_instr_queue.instr_queue_empty[1]"
"proven","ex_valid_i","i_instr_queue.ready_o"
"proven","ex_valid_i","icache_dreq_o.req"
"proven","ex_valid_i","instr_queue_ready"
"proven","fetch_entry_ready_i","gen_instr_scan[1].i_instr_scan.is_rvc"
"proven","fetch_entry_valid_o","gen_instr_scan[1].i_instr_scan.is_rvc"
"proven","flush_i","gen_instr_scan[1].i_instr_scan.is_rvc"
"proven","flush_i","i_instr_queue.gen_instr_fifo[0].i_fifo_instr_data.empty_o"
"proven","flush_i","i_instr_queue.gen_instr_fifo[1].i_fifo_instr_data.empty_o"
"proven","flush_i","i_instr_queue.idx_ds_d[0]"
"proven","flush_i","i_instr_queue.idx_ds_q[0]"
"proven","flush_i","i_instr_queue.instr_queue_empty[0]"
"proven","flush_i","i_instr_queue.instr_queue_empty[1]"
"proven","flush_i","i_instr_queue.ready_o"
"proven","flush_i","icache_dreq_o.req"
"proven","flush_i","instr_queue_ready"
"proven","gen_instr_scan[0].i_instr_scan.is_jal_r","gen_instr_scan[1].i_instr_scan.is_rvc"
"proven","gen_instr_scan[0].i_instr_scan.is_rvc","gen_instr_scan[1].i_instr_scan.is_rvc"
"proven","gen_instr_scan[0].i_instr_scan.rvc_branch_o","gen_instr_scan[1].i_instr_scan.is_rvc"
"proven","gen_instr_scan[0].i_instr_scan.rvc_call_o","gen_instr_scan[1].i_instr_scan.is_rvc"
"proven","gen_instr_scan[0].i_instr_scan.rvc_jalr_o","gen_instr_scan[1].i_instr_scan.is_rvc"
"proven","gen_instr_scan[0].i_instr_scan.rvc_jr_o","gen_instr_scan[1].i_instr_scan.is_rvc"
"proven","gen_instr_scan[0].i_instr_scan.rvc_jump_o","gen_instr_scan[1].i_instr_scan.is_rvc"
"proven","gen_instr_scan[0].i_instr_scan.rvc_return_o","gen_instr_scan[1].i_instr_scan.is_rvc"
"proven","gen_instr_scan[0].i_instr_scan.rvi_branch_o","gen_instr_scan[1].i_instr_scan.is_rvc"
"proven","gen_instr_scan[0].i_instr_scan.rvi_call_o","gen_instr_scan[1].i_instr_scan.is_rvc"
"proven","gen_instr_scan[0].i_instr_scan.rvi_jalr_o","gen_instr_scan[1].i_instr_scan.is_rvc"
"proven","gen_instr_scan[0].i_instr_scan.rvi_jump_o","gen_instr_scan[1].i_instr_scan.is_rvc"
"proven","gen_instr_scan[1].i_instr_scan.is_jal_r","gen_instr_scan[1].i_instr_scan.is_rvc"
"proven","gen_instr_scan[1].i_instr_scan.rvc_branch_o","gen_instr_scan[1].i_instr_scan.is_rvc"
"proven","gen_instr_scan[1].i_instr_scan.rvc_call_o","gen_instr_scan[1].i_instr_scan.is_rvc"
"proven","gen_instr_scan[1].i_instr_scan.rvc_jalr_o","gen_instr_scan[1].i_instr_scan.is_rvc"
"proven","gen_instr_scan[1].i_instr_scan.rvc_jr_o","gen_instr_scan[1].i_instr_scan.is_rvc"
"proven","gen_instr_scan[1].i_instr_scan.rvc_jump_o","gen_instr_scan[1].i_instr_scan.is_rvc"
"proven","gen_instr_scan[1].i_instr_scan.rvc_return_o","gen_instr_scan[1].i_instr_scan.is_rvc"
"proven","i_bht.bht_prediction_o[0].taken","gen_instr_scan[1].i_instr_scan.is_rvc"
"proven","i_bht.bht_prediction_o[0].valid","gen_instr_scan[1].i_instr_scan.is_rvc"
"proven","i_bht.bht_prediction_o[1].taken","gen_instr_scan[1].i_instr_scan.is_rvc"
"proven","i_bht.bht_prediction_o[1].valid","gen_instr_scan[1].i_instr_scan.is_rvc"
"proven","i_bht.bht_update_i.taken","gen_instr_scan[1].i_instr_scan.is_rvc"
"proven","i_bht.bht_update_i.valid","gen_instr_scan[1].i_instr_scan.is_rvc"
"proven","i_bht.debug_mode_i","gen_instr_scan[1].i_instr_scan.is_rvc"
"proven","i_bht.saturation_counter[0]","gen_instr_scan[1].i_instr_scan.is_rvc"
"proven","i_bht.saturation_counter[1]","gen_instr_scan[1].i_instr_scan.is_rvc"
"proven","i_btb.btb_prediction_o[0].valid","gen_instr_scan[1].i_instr_scan.is_rvc"
"proven","i_btb.btb_update_i.valid","gen_instr_scan[1].i_instr_scan.is_rvc"
"proven","i_btb.btb_update_i.valid","i_instr_queue.gen_instr_fifo[0].i_fifo_instr_data.empty_o"
"proven","i_btb.btb_update_i.valid","i_instr_queue.gen_instr_fifo[1].i_fifo_instr_data.empty_o"
"proven","i_btb.btb_update_i.valid","i_instr_queue.idx_ds_d[0]"
"proven","i_btb.btb_update_i.valid","i_instr_queue.idx_ds_q[0]"
"proven","i_btb.btb_update_i.valid","i_instr_queue.instr_queue_empty[0]"
"proven","i_btb.btb_update_i.valid","i_instr_queue.instr_queue_empty[1]"
"proven","i_btb.btb_update_i.valid","i_instr_queue.ready_o"
"proven","i_btb.btb_update_i.valid","icache_dreq_o.req"
"proven","i_btb.btb_update_i.valid","instr_queue_ready"
"proven","i_btb.debug_mode_i","gen_instr_scan[1].i_instr_scan.is_rvc"
"proven","i_instr_queue.branch_empty","gen_instr_scan[1].i_instr_scan.is_rvc"
"proven","i_instr_queue.consumed_o[0]","gen_instr_scan[1].i_instr_scan.is_rvc"
"proven","i_instr_queue.consumed_o[1]","gen_instr_scan[1].i_instr_scan.is_rvc"
"proven","i_instr_queue.fetch_entry_ready_i","gen_instr_scan[1].i_instr_scan.is_rvc"
"proven","i_instr_queue.fetch_entry_valid_o","gen_instr_scan[1].i_instr_scan.is_rvc"
"proven","i_instr_queue.fifo_pos[0]","gen_instr_scan[1].i_instr_scan.is_rvc"
"proven","i_instr_queue.fifo_pos[1]","gen_instr_scan[1].i_instr_scan.is_rvc"
"proven","i_instr_queue.flush_i","gen_instr_scan[1].i_instr_scan.is_rvc"
"proven","i_instr_queue.flush_i","i_instr_queue.gen_instr_fifo[0].i_fifo_instr_data.empty_o"
"proven","i_instr_queue.flush_i","i_instr_queue.gen_instr_fifo[1].i_fifo_instr_data.empty_o"
"proven","i_instr_queue.flush_i","i_instr_queue.idx_ds_d[0]"
"proven","i_instr_queue.flush_i","i_instr_queue.idx_ds_q[0]"
"proven","i_instr_queue.flush_i","i_instr_queue.instr_queue_empty[0]"
"proven","i_instr_queue.flush_i","i_instr_queue.instr_queue_empty[1]"
"proven","i_instr_queue.flush_i","i_instr_queue.ready_o"
"proven","i_instr_queue.flush_i","icache_dreq_o.req"
"proven","i_instr_queue.flush_i","instr_queue_ready"
"proven","i_instr_queue.gen_instr_fifo[0].i_fifo_instr_data.flush_i","gen_instr_scan[1].i_instr_scan.is_rvc"
"proven","i_instr_queue.gen_instr_fifo[0].i_fifo_instr_data.flush_i","i_instr_queue.gen_instr_fifo[0].i_fifo_instr_data.empty_o"
"proven","i_instr_queue.gen_instr_fifo[0].i_fifo_instr_data.flush_i","i_instr_queue.gen_instr_fifo[1].i_fifo_instr_data.empty_o"
"proven","i_instr_queue.gen_instr_fifo[0].i_fifo_instr_data.flush_i","i_instr_queue.idx_ds_d[0]"
"proven","i_instr_queue.gen_instr_fifo[0].i_fifo_instr_data.flush_i","i_instr_queue.idx_ds_q[0]"
"proven","i_instr_queue.gen_instr_fifo[0].i_fifo_instr_data.flush_i","i_instr_queue.instr_queue_empty[0]"
"proven","i_instr_queue.gen_instr_fifo[0].i_fifo_instr_data.flush_i","i_instr_queue.instr_queue_empty[1]"
"proven","i_instr_queue.gen_instr_fifo[0].i_fifo_instr_data.flush_i","i_instr_queue.ready_o"
"proven","i_instr_queue.gen_instr_fifo[0].i_fifo_instr_data.flush_i","icache_dreq_o.req"
"proven","i_instr_queue.gen_instr_fifo[0].i_fifo_instr_data.flush_i","instr_queue_ready"
"proven","i_instr_queue.gen_instr_fifo[0].i_fifo_instr_data.gate_clock","gen_instr_scan[1].i_instr_scan.is_rvc"
"proven","i_instr_queue.gen_instr_fifo[0].i_fifo_instr_data.pop_i","gen_instr_scan[1].i_instr_scan.is_rvc"
"proven","i_instr_queue.gen_instr_fifo[0].i_fifo_instr_data.push_i","gen_instr_scan[1].i_instr_scan.is_rvc"
"proven","i_instr_queue.gen_instr_fifo[0].i_fifo_instr_data.read_pointer_n[0]","gen_instr_scan[1].i_instr_scan.is_rvc"
"proven","i_instr_queue.gen_instr_fifo[0].i_fifo_instr_data.read_pointer_n[1]","gen_instr_scan[1].i_instr_scan.is_rvc"
"proven","i_instr_queue.gen_instr_fifo[0].i_fifo_instr_data.read_pointer_q[0]","gen_instr_scan[1].i_instr_scan.is_rvc"
"proven","i_instr_queue.gen_instr_fifo[0].i_fifo_instr_data.read_pointer_q[1]","gen_instr_scan[1].i_instr_scan.is_rvc"
"proven","i_instr_queue.gen_instr_fifo[0].i_fifo_instr_data.usage_o[0]","gen_instr_scan[1].i_instr_scan.is_rvc"
"proven","i_instr_queue.gen_instr_fifo[0].i_fifo_instr_data.usage_o[1]","gen_instr_scan[1].i_instr_scan.is_rvc"
"proven","i_instr_queue.gen_instr_fifo[0].i_fifo_instr_data.write_pointer_n[0]","gen_instr_scan[1].i_instr_scan.is_rvc"
"proven","i_instr_queue.gen_instr_fifo[0].i_fifo_instr_data.write_pointer_n[1]","gen_instr_scan[1].i_instr_scan.is_rvc"
"proven","i_instr_queue.gen_instr_fifo[0].i_fifo_instr_data.write_pointer_q[0]","gen_instr_scan[1].i_instr_scan.is_rvc"
"proven","i_instr_queue.gen_instr_fifo[0].i_fifo_instr_data.write_pointer_q[1]","gen_instr_scan[1].i_instr_scan.is_rvc"
"proven","i_instr_queue.gen_instr_fifo[1].i_fifo_instr_data.flush_i","gen_instr_scan[1].i_instr_scan.is_rvc"
"proven","i_instr_queue.gen_instr_fifo[1].i_fifo_instr_data.flush_i","i_instr_queue.gen_instr_fifo[0].i_fifo_instr_data.empty_o"
"proven","i_instr_queue.gen_instr_fifo[1].i_fifo_instr_data.flush_i","i_instr_queue.gen_instr_fifo[1].i_fifo_instr_data.empty_o"
"proven","i_instr_queue.gen_instr_fifo[1].i_fifo_instr_data.flush_i","i_instr_queue.idx_ds_d[0]"
"proven","i_instr_queue.gen_instr_fifo[1].i_fifo_instr_data.flush_i","i_instr_queue.idx_ds_q[0]"
"proven","i_instr_queue.gen_instr_fifo[1].i_fifo_instr_data.flush_i","i_instr_queue.instr_queue_empty[0]"
"proven","i_instr_queue.gen_instr_fifo[1].i_fifo_instr_data.flush_i","i_instr_queue.instr_queue_empty[1]"
"proven","i_instr_queue.gen_instr_fifo[1].i_fifo_instr_data.flush_i","i_instr_queue.ready_o"
"proven","i_instr_queue.gen_instr_fifo[1].i_fifo_instr_data.flush_i","icache_dreq_o.req"
"proven","i_instr_queue.gen_instr_fifo[1].i_fifo_instr_data.flush_i","instr_queue_ready"
"proven","i_instr_queue.gen_instr_fifo[1].i_fifo_instr_data.gate_clock","gen_instr_scan[1].i_instr_scan.is_rvc"
"proven","i_instr_queue.gen_instr_fifo[1].i_fifo_instr_data.pop_i","gen_instr_scan[1].i_instr_scan.is_rvc"
"proven","i_instr_queue.gen_instr_fifo[1].i_fifo_instr_data.pop_i","i_instr_queue.idx_ds_q[0]"
"proven","i_instr_queue.gen_instr_fifo[1].i_fifo_instr_data.push_i","gen_instr_scan[1].i_instr_scan.is_rvc"
"proven","i_instr_queue.gen_instr_fifo[1].i_fifo_instr_data.read_pointer_n[0]","gen_instr_scan[1].i_instr_scan.is_rvc"
"proven","i_instr_queue.gen_instr_fifo[1].i_fifo_instr_data.read_pointer_n[1]","gen_instr_scan[1].i_instr_scan.is_rvc"
"proven","i_instr_queue.gen_instr_fifo[1].i_fifo_instr_data.read_pointer_q[0]","gen_instr_scan[1].i_instr_scan.is_rvc"
"proven","i_instr_queue.gen_instr_fifo[1].i_fifo_instr_data.read_pointer_q[1]","gen_instr_scan[1].i_instr_scan.is_rvc"
"proven","i_instr_queue.gen_instr_fifo[1].i_fifo_instr_data.usage_o[0]","gen_instr_scan[1].i_instr_scan.is_rvc"
"proven","i_instr_queue.gen_instr_fifo[1].i_fifo_instr_data.usage_o[1]","gen_instr_scan[1].i_instr_scan.is_rvc"
"proven","i_instr_queue.gen_instr_fifo[1].i_fifo_instr_data.write_pointer_n[0]","gen_instr_scan[1].i_instr_scan.is_rvc"
"proven","i_instr_queue.gen_instr_fifo[1].i_fifo_instr_data.write_pointer_n[1]","gen_instr_scan[1].i_instr_scan.is_rvc"
"proven","i_instr_queue.gen_instr_fifo[1].i_fifo_instr_data.write_pointer_q[0]","gen_instr_scan[1].i_instr_scan.is_rvc"
"proven","i_instr_queue.gen_instr_fifo[1].i_fifo_instr_data.write_pointer_q[1]","gen_instr_scan[1].i_instr_scan.is_rvc"
"proven","i_instr_queue.i_popcount.left_child_result[0]","gen_instr_scan[1].i_instr_scan.is_rvc"
"proven","i_instr_queue.i_popcount.padded_input[0]","gen_instr_scan[1].i_instr_scan.is_rvc"
"proven","i_instr_queue.i_popcount.padded_input[1]","gen_instr_scan[1].i_instr_scan.is_rvc"
"proven","i_instr_queue.i_popcount.popcount_o[0]","gen_instr_scan[1].i_instr_scan.is_rvc"
"proven","i_instr_queue.i_popcount.popcount_o[1]","gen_instr_scan[1].i_instr_scan.is_rvc"
"proven","i_instr_queue.i_popcount.right_child_result[0]","gen_instr_scan[1].i_instr_scan.is_rvc"
"proven","i_instr_queue.idx_ds_d[0]","gen_instr_scan[1].i_instr_scan.is_rvc"
"proven","i_instr_queue.idx_ds_d[0]","i_instr_queue.idx_ds_q[0]"
"proven","i_instr_queue.idx_ds_d[1]","gen_instr_scan[1].i_instr_scan.is_rvc"
"proven","i_instr_queue.idx_ds_q[0]","gen_instr_scan[1].i_instr_scan.is_rvc"
"proven","i_instr_queue.idx_ds_q[1]","gen_instr_scan[1].i_instr_scan.is_rvc"
"proven","i_instr_queue.idx_is_d[0]","gen_instr_scan[1].i_instr_scan.is_rvc"
"proven","i_instr_queue.idx_is_q[0]","gen_instr_scan[1].i_instr_scan.is_rvc"
"proven","i_instr_queue.instr_overflow","gen_instr_scan[1].i_instr_scan.is_rvc"
"proven","i_instr_queue.instr_overflow_fifo[0]","gen_instr_scan[1].i_instr_scan.is_rvc"
"proven","i_instr_queue.instr_overflow_fifo[1]","gen_instr_scan[1].i_instr_scan.is_rvc"
"proven","i_instr_queue.instr_queue_full[0]","gen_instr_scan[1].i_instr_scan.is_rvc"
"proven","i_instr_queue.instr_queue_full[1]","gen_instr_scan[1].i_instr_scan.is_rvc"
"proven","i_instr_queue.instr_queue_usage[0][0]","gen_instr_scan[1].i_instr_scan.is_rvc"
"proven","i_instr_queue.instr_queue_usage[0][1]","gen_instr_scan[1].i_instr_scan.is_rvc"
"proven","i_instr_queue.instr_queue_usage[1][0]","gen_instr_scan[1].i_instr_scan.is_rvc"
"proven","i_instr_queue.instr_queue_usage[1][1]","gen_instr_scan[1].i_instr_scan.is_rvc"
"proven","i_instr_queue.pop_instr[0]","gen_instr_scan[1].i_instr_scan.is_rvc"
"proven","i_instr_queue.pop_instr[1]","gen_instr_scan[1].i_instr_scan.is_rvc"
"proven","i_instr_queue.pop_instr[1]","i_instr_queue.idx_ds_q[0]"
"proven","i_instr_queue.popcount[0]","gen_instr_scan[1].i_instr_scan.is_rvc"
"proven","i_instr_queue.popcount[1]","gen_instr_scan[1].i_instr_scan.is_rvc"
"proven","i_instr_queue.push_instr[0]","gen_instr_scan[1].i_instr_scan.is_rvc"
"proven","i_instr_queue.push_instr[1]","gen_instr_scan[1].i_instr_scan.is_rvc"
"proven","i_instr_queue.push_instr_fifo[0]","gen_instr_scan[1].i_instr_scan.is_rvc"
"proven","i_instr_queue.push_instr_fifo[1]","gen_instr_scan[1].i_instr_scan.is_rvc"
"proven","i_instr_queue.replay_o","gen_instr_scan[1].i_instr_scan.is_rvc"
"proven","i_instr_queue.shamt[0]","gen_instr_scan[1].i_instr_scan.is_rvc"
"proven","i_instr_queue.taken[0]","gen_instr_scan[1].i_instr_scan.is_rvc"
"proven","i_instr_queue.taken[1]","gen_instr_scan[1].i_instr_scan.is_rvc"
"proven","i_instr_queue.valid[0]","gen_instr_scan[1].i_instr_scan.is_rvc"
"proven","i_instr_queue.valid[1]","gen_instr_scan[1].i_instr_scan.is_rvc"
"proven","i_instr_queue.valid_i[0]","gen_instr_scan[1].i_instr_scan.is_rvc"
"proven","i_instr_queue.valid_i[1]","gen_instr_scan[1].i_instr_scan.is_rvc"
"proven","i_instr_realign.flush_i","gen_instr_scan[1].i_instr_scan.is_rvc"
"proven","i_instr_realign.serving_unaligned_o","gen_instr_scan[1].i_instr_scan.is_rvc"
"proven","i_instr_realign.unaligned_d","gen_instr_scan[1].i_instr_scan.is_rvc"
"proven","i_instr_realign.unaligned_q","gen_instr_scan[1].i_instr_scan.is_rvc"
"proven","i_instr_realign.valid_i","gen_instr_scan[1].i_instr_scan.is_rvc"
"proven","i_instr_realign.valid_o[0]","gen_instr_scan[1].i_instr_scan.is_rvc"
"proven","i_instr_realign.valid_o[1]","gen_instr_scan[1].i_instr_scan.is_rvc"
"proven","i_ras.pop_i","gen_instr_scan[1].i_instr_scan.is_rvc"
"proven","i_ras.push_i","gen_instr_scan[1].i_instr_scan.is_rvc"
"proven","i_ras.push_i","i_ras.data_o.valid"
"proven","i_ras.push_i","i_ras.stack_q[0].valid"
"proven","i_ras.push_i","ras_predict.valid"
"proven","icache_dreq_i.ready","gen_instr_scan[1].i_instr_scan.is_rvc"
"proven","icache_dreq_i.valid","gen_instr_scan[1].i_instr_scan.is_rvc"
"proven","icache_dreq_i.valid","i_instr_realign.valid_i"
"proven","icache_dreq_i.valid","icache_valid_q"
"proven","icache_dreq_o.kill_s1","gen_instr_scan[1].i_instr_scan.is_rvc"
"proven","icache_dreq_o.kill_s2","gen_instr_scan[1].i_instr_scan.is_rvc"
"proven","icache_valid_q","gen_instr_scan[1].i_instr_scan.is_rvc"
"proven","if_ready","gen_instr_scan[1].i_instr_scan.is_rvc"
"proven","instr_queue_consumed[0]","gen_instr_scan[1].i_instr_scan.is_rvc"
"proven","instr_queue_consumed[1]","gen_instr_scan[1].i_instr_scan.is_rvc"
"proven","is_branch[0]","gen_instr_scan[1].i_instr_scan.is_rvc"
"proven","is_branch[1]","gen_instr_scan[1].i_instr_scan.is_rvc"
"proven","is_call[0]","gen_instr_scan[1].i_instr_scan.is_rvc"
"proven","is_call[1]","gen_instr_scan[1].i_instr_scan.is_rvc"
"proven","is_jalr[0]","gen_instr_scan[1].i_instr_scan.is_rvc"
"proven","is_jump[0]","gen_instr_scan[1].i_instr_scan.is_rvc"
"proven","is_jump[1]","gen_instr_scan[1].i_instr_scan.is_rvc"
"proven","is_mispredict","gen_instr_scan[1].i_instr_scan.is_rvc"
"proven","is_mispredict","i_instr_queue.gen_instr_fifo[0].i_fifo_instr_data.empty_o"
"proven","is_mispredict","i_instr_queue.gen_instr_fifo[1].i_fifo_instr_data.empty_o"
"proven","is_mispredict","i_instr_queue.idx_ds_d[0]"
"proven","is_mispredict","i_instr_queue.idx_ds_q[0]"
"proven","is_mispredict","i_instr_queue.instr_queue_empty[0]"
"proven","is_mispredict","i_instr_queue.instr_queue_empty[1]"
"proven","is_mispredict","i_instr_queue.ready_o"
"proven","is_mispredict","icache_dreq_o.req"
"proven","is_mispredict","instr_queue_ready"
"proven","is_return[0]","gen_instr_scan[1].i_instr_scan.is_rvc"
"proven","is_return[1]","gen_instr_scan[1].i_instr_scan.is_rvc"
"proven","npc_rst_load_q","gen_instr_scan[1].i_instr_scan.is_rvc"
"proven","npc_rst_load_q","i_instr_queue.gen_instr_fifo[0].i_fifo_instr_data.empty_o"
"proven","npc_rst_load_q","i_instr_queue.gen_instr_fifo[1].i_fifo_instr_data.empty_o"
"proven","npc_rst_load_q","i_instr_queue.idx_ds_d[0]"
"proven","npc_rst_load_q","i_instr_queue.idx_ds_q[0]"
"proven","npc_rst_load_q","i_instr_queue.instr_queue_empty[0]"
"proven","npc_rst_load_q","i_instr_queue.instr_queue_empty[1]"
"proven","npc_rst_load_q","i_instr_queue.ready_o"
"proven","npc_rst_load_q","icache_dreq_o.req"
"proven","npc_rst_load_q","instr_queue_ready"
"proven","ras_pop","gen_instr_scan[1].i_instr_scan.is_rvc"
"proven","ras_push","gen_instr_scan[1].i_instr_scan.is_rvc"
"proven","ras_push","i_ras.data_o.valid"
"proven","ras_push","i_ras.stack_q[0].valid"
"proven","ras_push","ras_predict.valid"
"proven","replay","gen_instr_scan[1].i_instr_scan.is_rvc"
"proven","resolved_branch_i.is_mispredict","gen_instr_scan[1].i_instr_scan.is_rvc"
"proven","resolved_branch_i.is_mispredict","i_instr_queue.gen_instr_fifo[0].i_fifo_instr_data.empty_o"
"proven","resolved_branch_i.is_mispredict","i_instr_queue.gen_instr_fifo[1].i_fifo_instr_data.empty_o"
"proven","resolved_branch_i.is_mispredict","i_instr_queue.idx_ds_d[0]"
"proven","resolved_branch_i.is_mispredict","i_instr_queue.idx_ds_q[0]"
"proven","resolved_branch_i.is_mispredict","i_instr_queue.instr_queue_empty[0]"
"proven","resolved_branch_i.is_mispredict","i_instr_queue.instr_queue_empty[1]"
"proven","resolved_branch_i.is_mispredict","i_instr_queue.ready_o"
"proven","resolved_branch_i.is_mispredict","icache_dreq_o.req"
"proven","resolved_branch_i.is_mispredict","instr_queue_ready"
"proven","resolved_branch_i.is_taken","gen_instr_scan[1].i_instr_scan.is_rvc"
"proven","resolved_branch_i.valid","gen_instr_scan[1].i_instr_scan.is_rvc"
"proven","rvc_branch[0]","gen_instr_scan[1].i_instr_scan.is_rvc"
"proven","rvc_branch[1]","gen_instr_scan[1].i_instr_scan.is_rvc"
"proven","rvc_call[0]","gen_instr_scan[1].i_instr_scan.is_rvc"
"proven","rvc_call[1]","gen_instr_scan[1].i_instr_scan.is_rvc"
"proven","rvc_jalr[0]","gen_instr_scan[1].i_instr_scan.is_rvc"
"proven","rvc_jalr[1]","gen_instr_scan[1].i_instr_scan.is_rvc"
"proven","rvc_jr[0]","gen_instr_scan[1].i_instr_scan.is_rvc"
"proven","rvc_jr[1]","gen_instr_scan[1].i_instr_scan.is_rvc"
"proven","rvc_jump[0]","gen_instr_scan[1].i_instr_scan.is_rvc"
"proven","rvc_jump[1]","gen_instr_scan[1].i_instr_scan.is_rvc"
"proven","rvc_return[0]","gen_instr_scan[1].i_instr_scan.is_rvc"
"proven","rvc_return[1]","gen_instr_scan[1].i_instr_scan.is_rvc"
"proven","rvi_branch[0]","gen_instr_scan[1].i_instr_scan.is_rvc"
"proven","rvi_call[0]","gen_instr_scan[1].i_instr_scan.is_rvc"
"proven","rvi_jalr[0]","gen_instr_scan[1].i_instr_scan.is_rvc"
"proven","rvi_jump[0]","gen_instr_scan[1].i_instr_scan.is_rvc"
"proven","serving_unaligned","gen_instr_scan[1].i_instr_scan.is_rvc"
"proven","shamt[0]","gen_instr_scan[1].i_instr_scan.is_rvc"
"proven","taken_rvc_cf[0]","gen_instr_scan[1].i_instr_scan.is_rvc"
"proven","taken_rvc_cf[1]","gen_instr_scan[1].i_instr_scan.is_rvc"
"proven","taken_rvi_cf[0]","gen_instr_scan[1].i_instr_scan.is_rvc"
"cex","bht_prediction[0].taken","i_ras.data_o.valid"
"cex","bht_prediction[0].taken","i_ras.stack_d[0].valid"
"cex","bht_prediction[0].taken","i_ras.stack_q[0].valid"
"cex","bht_prediction[0].taken","ras_predict.valid"
"cex","bht_update.taken","i_instr_queue.branch_empty"
"cex","bht_update.taken","i_instr_queue.gen_instr_fifo[0].i_fifo_instr_data.empty_o"
"cex","bht_update.taken","i_instr_queue.gen_instr_fifo[0].i_fifo_instr_data.gate_clock"
"cex","bht_update.taken","i_instr_queue.gen_instr_fifo[1].i_fifo_instr_data.empty_o"
"cex","bht_update.taken","i_instr_queue.gen_instr_fifo[1].i_fifo_instr_data.gate_clock"
"cex","bht_update.taken","i_instr_queue.instr_queue_empty[0]"
"cex","bht_update.taken","i_instr_queue.instr_queue_empty[1]"
"cex","bht_update.taken","i_instr_queue.ready_o"
"cex","bht_update.taken","icache_dreq_o.req"
"cex","bht_update.taken","instr_queue_ready"
"cex","bht_update.valid","debug_mode_i"
"cex","bht_update.valid","gen_instr_scan[0].i_instr_scan.rvi_branch_o"
"cex","bht_update.valid","i_bht.debug_mode_i"
"cex","bht_update.valid","i_btb.debug_mode_i"
"cex","bht_update.valid","i_instr_queue.branch_empty"
"cex","bht_update.valid","i_instr_queue.gen_instr_fifo[0].i_fifo_instr_data.empty_o"
"cex","bht_update.valid","i_instr_queue.gen_instr_fifo[0].i_fifo_instr_data.gate_clock"
"cex","bht_update.valid","i_instr_queue.gen_instr_fifo[1].i_fifo_instr_data.empty_o"
"cex","bht_update.valid","i_instr_queue.gen_instr_fifo[1].i_fifo_instr_data.gate_clock"
"cex","bht_update.valid","i_instr_queue.idx_ds_d[0]"
"cex","bht_update.valid","i_instr_queue.idx_ds_q[0]"
"cex","bht_update.valid","i_instr_queue.instr_queue_empty[0]"
"cex","bht_update.valid","i_instr_queue.instr_queue_empty[1]"
"cex","bht_update.valid","i_instr_queue.ready_o"
"cex","bht_update.valid","icache_dreq_o.req"
"cex","bht_update.valid","instr_queue_ready"
"cex","bht_update.valid","rvi_branch[0]"
"cex","bp_valid","fetch_entry_ready_i"
"cex","bp_valid","fetch_entry_valid_o"
"cex","bp_valid","i_instr_queue.branch_empty"
"cex","bp_valid","i_instr_queue.fetch_entry_ready_i"
"cex","bp_valid","i_instr_queue.fetch_entry_valid_o"
"cex","bp_valid","i_instr_queue.gen_instr_fifo[0].i_fifo_instr_data.gate_clock"
"cex","bp_valid","i_instr_queue.gen_instr_fifo[1].i_fifo_instr_data.gate_clock"
"cex","bp_valid","i_instr_queue.ready_o"
"cex","bp_valid","icache_dreq_o.req"
"cex","bp_valid","instr_queue_ready"
"cex","btb_prediction[0].valid","i_instr_queue.branch_empty"
"cex","btb_prediction[0].valid","i_instr_queue.ready_o"
"cex","btb_prediction[0].valid","icache_dreq_o.req"
"cex","btb_prediction[0].valid","instr_queue_ready"
"cex","btb_prediction_shifted[0].valid","i_instr_queue.branch_empty"
"cex","btb_prediction_shifted[0].valid","i_instr_queue.ready_o"
"cex","btb_prediction_shifted[0].valid","icache_dreq_o.req"
"cex","btb_prediction_shifted[0].valid","instr_queue_ready"
"cex","btb_update.valid","btb_prediction[0].valid"
"cex","btb_update.valid","btb_prediction_shifted[0].valid"
"cex","btb_update.valid","gen_instr_scan[0].i_instr_scan.is_jal_r"
"cex","btb_update.valid","gen_instr_scan[0].i_instr_scan.is_rvc"
"cex","btb_update.valid","gen_instr_scan[0].i_instr_scan.rvc_jr_o"
"cex","btb_update.valid","i_btb.btb_prediction_o[0].valid"
"cex","btb_update.valid","i_instr_queue.branch_empty"
"cex","btb_update.valid","i_instr_queue.gen_instr_fifo[0].i_fifo_instr_data.gate_clock"
"cex","btb_update.valid","i_instr_queue.gen_instr_fifo[1].i_fifo_instr_data.gate_clock"
"cex","btb_update.valid","rvc_jr[0]"
"cex","debug_mode_i","i_instr_queue.ready_o"
"cex","debug_mode_i","icache_dreq_o.req"
"cex","debug_mode_i","instr_queue_ready"
"cex","eret_i","i_instr_queue.branch_empty"
"cex","eret_i","i_instr_queue.gen_instr_fifo[0].i_fifo_instr_data.gate_clock"
"cex","eret_i","i_instr_queue.gen_instr_fifo[1].i_fifo_instr_data.gate_clock"
"cex","ex_valid_i","i_instr_queue.branch_empty"
"cex","ex_valid_i","i_instr_queue.gen_instr_fifo[0].i_fifo_instr_data.gate_clock"
"cex","ex_valid_i","i_instr_queue.gen_instr_fifo[1].i_fifo_instr_data.gate_clock"
"cex","fetch_entry_ready_i","i_instr_queue.branch_empty"
"cex","fetch_entry_ready_i","i_instr_queue.ready_o"
"cex","fetch_entry_ready_i","icache_dreq_o.req"
"cex","fetch_entry_ready_i","instr_queue_ready"
"cex","fetch_entry_valid_o","i_instr_queue.branch_empty"
"cex","fetch_entry_valid_o","i_instr_queue.ready_o"
"cex","fetch_entry_valid_o","icache_dreq_o.req"
"cex","fetch_entry_valid_o","instr_queue_ready"
"cex","flush_i","i_instr_queue.branch_empty"
"cex","flush_i","i_instr_queue.gen_instr_fifo[0].i_fifo_instr_data.gate_clock"
"cex","flush_i","i_instr_queue.gen_instr_fifo[1].i_fifo_instr_data.gate_clock"
"cex","gen_instr_scan[0].i_instr_scan.is_jal_r","gen_instr_scan[0].i_instr_scan.is_rvc"
"cex","gen_instr_scan[0].i_instr_scan.is_jal_r","i_instr_queue.branch_empty"
"cex","gen_instr_scan[0].i_instr_scan.is_jal_r","i_instr_queue.ready_o"
"cex","gen_instr_scan[0].i_instr_scan.is_jal_r","icache_dreq_o.req"
"cex","gen_instr_scan[0].i_instr_scan.is_jal_r","instr_queue_ready"
"cex","gen_instr_scan[0].i_instr_scan.is_rvc","i_instr_queue.ready_o"
"cex","gen_instr_scan[0].i_instr_scan.is_rvc","icache_dreq_o.req"
"cex","gen_instr_scan[0].i_instr_scan.is_rvc","instr_queue_ready"
"cex","gen_instr_scan[0].i_instr_scan.rvc_branch_o","i_instr_queue.branch_empty"
"cex","gen_instr_scan[0].i_instr_scan.rvc_branch_o","i_ras.data_o.valid"
"cex","gen_instr_scan[0].i_instr_scan.rvc_branch_o","i_ras.stack_d[0].valid"
"cex","gen_instr_scan[0].i_instr_scan.rvc_branch_o","i_ras.stack_q[0].valid"
"cex","gen_instr_scan[0].i_instr_scan.rvc_branch_o","ras_predict.valid"
"cex","gen_instr_scan[0].i_instr_scan.rvc_call_o","gen_instr_scan[0].i_instr_scan.is_rvc"
"cex","gen_instr_scan[0].i_instr_scan.rvc_call_o","i_instr_queue.gen_instr_fifo[0].i_fifo_instr_data.empty_o"
"cex","gen_instr_scan[0].i_instr_scan.rvc_call_o","i_instr_queue.gen_instr_fifo[1].i_fifo_instr_data.empty_o"
"cex","gen_instr_scan[0].i_instr_scan.rvc_call_o","i_instr_queue.gen_instr_fifo[1].i_fifo_instr_data.gate_clock"
"cex","gen_instr_scan[0].i_instr_scan.rvc_call_o","i_instr_queue.idx_ds_d[0]"
"cex","gen_instr_scan[0].i_instr_scan.rvc_call_o","i_instr_queue.idx_ds_q[0]"
"cex","gen_instr_scan[0].i_instr_scan.rvc_call_o","i_instr_queue.instr_queue_empty[0]"
"cex","gen_instr_scan[0].i_instr_scan.rvc_call_o","i_instr_queue.instr_queue_empty[1]"
"cex","gen_instr_scan[0].i_instr_scan.rvc_call_o","i_instr_queue.ready_o"
"cex","gen_instr_scan[0].i_instr_scan.rvc_call_o","i_instr_realign.unaligned_d"
"cex","gen_instr_scan[0].i_instr_scan.rvc_call_o","i_ras.data_o.valid"
"cex","gen_instr_scan[0].i_instr_scan.rvc_call_o","i_ras.stack_d[0].valid"
"cex","gen_instr_scan[0].i_instr_scan.rvc_call_o","i_ras.stack_d[1].valid"
"cex","gen_instr_scan[0].i_instr_scan.rvc_call_o","i_ras.stack_q[0].valid"
"cex","gen_instr_scan[0].i_instr_scan.rvc_call_o","i_ras.stack_q[1].valid"
"cex","gen_instr_scan[0].i_instr_scan.rvc_call_o","icache_dreq_o.req"
"cex","gen_instr_scan[0].i_instr_scan.rvc_call_o","instr_queue_ready"
"cex","gen_instr_scan[0].i_instr_scan.rvc_call_o","ras_predict.valid"
"cex","gen_instr_scan[0].i_instr_scan.rvc_jalr_o","gen_instr_scan[0].i_instr_scan.is_rvc"
"cex","gen_instr_scan[0].i_instr_scan.rvc_jalr_o","i_instr_queue.gen_instr_fifo[0].i_fifo_instr_data.empty_o"
"cex","gen_instr_scan[0].i_instr_scan.rvc_jalr_o","i_instr_queue.gen_instr_fifo[1].i_fifo_instr_data.empty_o"
"cex","gen_instr_scan[0].i_instr_scan.rvc_jalr_o","i_instr_queue.gen_instr_fifo[1].i_fifo_instr_data.gate_clock"
"cex","gen_instr_scan[0].i_instr_scan.rvc_jalr_o","i_instr_queue.idx_ds_d[0]"
"cex","gen_instr_scan[0].i_instr_scan.rvc_jalr_o","i_instr_queue.idx_ds_q[0]"
"cex","gen_instr_scan[0].i_instr_scan.rvc_jalr_o","i_instr_queue.instr_queue_empty[0]"
"cex","gen_instr_scan[0].i_instr_scan.rvc_jalr_o","i_instr_queue.instr_queue_empty[1]"
"cex","gen_instr_scan[0].i_instr_scan.rvc_jalr_o","i_instr_queue.ready_o"
"cex","gen_instr_scan[0].i_instr_scan.rvc_jalr_o","i_instr_realign.unaligned_d"
"cex","gen_instr_scan[0].i_instr_scan.rvc_jalr_o","i_ras.data_o.valid"
"cex","gen_instr_scan[0].i_instr_scan.rvc_jalr_o","i_ras.stack_d[0].valid"
"cex","gen_instr_scan[0].i_instr_scan.rvc_jalr_o","i_ras.stack_d[1].valid"
"cex","gen_instr_scan[0].i_instr_scan.rvc_jalr_o","i_ras.stack_q[0].valid"
"cex","gen_instr_scan[0].i_instr_scan.rvc_jalr_o","i_ras.stack_q[1].valid"
"cex","gen_instr_scan[0].i_instr_scan.rvc_jalr_o","icache_dreq_o.req"
"cex","gen_instr_scan[0].i_instr_scan.rvc_jalr_o","instr_queue_ready"
"cex","gen_instr_scan[0].i_instr_scan.rvc_jalr_o","ras_predict.valid"
"cex","gen_instr_scan[0].i_instr_scan.rvc_jr_o","gen_instr_scan[0].i_instr_scan.is_rvc"
"cex","gen_instr_scan[0].i_instr_scan.rvc_jr_o","i_instr_queue.branch_empty"
"cex","gen_instr_scan[0].i_instr_scan.rvc_jr_o","i_instr_queue.ready_o"
"cex","gen_instr_scan[0].i_instr_scan.rvc_jr_o","icache_dreq_o.req"
"cex","gen_instr_scan[0].i_instr_scan.rvc_jr_o","instr_queue_ready"
"cex","gen_instr_scan[0].i_instr_scan.rvc_jump_o","i_instr_queue.gen_instr_fifo[1].i_fifo_instr_data.empty_o"
"cex","gen_instr_scan[0].i_instr_scan.rvc_jump_o","i_instr_queue.instr_queue_empty[1]"
"cex","gen_instr_scan[0].i_instr_scan.rvc_jump_o","i_instr_queue.ready_o"
"cex","gen_instr_scan[0].i_instr_scan.rvc_jump_o","icache_dreq_o.req"
"cex","gen_instr_scan[0].i_instr_scan.rvc_jump_o","instr_queue_ready"
"cex","gen_instr_scan[0].i_instr_scan.rvc_return_o","fetch_entry_valid_o"
"cex","gen_instr_scan[0].i_instr_scan.rvc_return_o","i_instr_queue.branch_empty"
"cex","gen_instr_scan[0].i_instr_scan.rvc_return_o","i_instr_queue.fetch_entry_valid_o"
"cex","gen_instr_scan[0].i_instr_scan.rvi_branch_o","debug_mode_i"
"cex","gen_instr_scan[0].i_instr_scan.rvi_branch_o","i_bht.debug_mode_i"
"cex","gen_instr_scan[0].i_instr_scan.rvi_branch_o","i_btb.debug_mode_i"
"cex","gen_instr_scan[0].i_instr_scan.rvi_branch_o","i_instr_queue.ready_o"
"cex","gen_instr_scan[0].i_instr_scan.rvi_branch_o","icache_dreq_o.req"
"cex","gen_instr_scan[0].i_instr_scan.rvi_branch_o","instr_queue_ready"
"cex","gen_instr_scan[0].i_instr_scan.rvi_jalr_o","btb_prediction[1].valid"
"cex","gen_instr_scan[0].i_instr_scan.rvi_jalr_o","btb_prediction_shifted[1].valid"
"cex","gen_instr_scan[0].i_instr_scan.rvi_jalr_o","i_btb.btb_prediction_o[1].valid"
"cex","gen_instr_scan[0].i_instr_scan.rvi_jalr_o","i_instr_queue.branch_empty"
"cex","gen_instr_scan[0].i_instr_scan.rvi_jalr_o","i_instr_queue.gen_instr_fifo[0].i_fifo_instr_data.empty_o"
"cex","gen_instr_scan[0].i_instr_scan.rvi_jalr_o","i_instr_queue.gen_instr_fifo[0].i_fifo_instr_data.gate_clock"
"cex","gen_instr_scan[0].i_instr_scan.rvi_jalr_o","i_instr_queue.gen_instr_fifo[1].i_fifo_instr_data.empty_o"
"cex","gen_instr_scan[0].i_instr_scan.rvi_jalr_o","i_instr_queue.gen_instr_fifo[1].i_fifo_instr_data.gate_clock"
"cex","gen_instr_scan[0].i_instr_scan.rvi_jalr_o","i_instr_queue.idx_ds_d[0]"
"cex","gen_instr_scan[0].i_instr_scan.rvi_jalr_o","i_instr_queue.idx_ds_q[0]"
"cex","gen_instr_scan[0].i_instr_scan.rvi_jalr_o","i_instr_queue.instr_queue_empty[0]"
"cex","gen_instr_scan[0].i_instr_scan.rvi_jalr_o","i_instr_queue.instr_queue_empty[1]"
"cex","gen_instr_scan[0].i_instr_scan.rvi_jalr_o","i_instr_queue.ready_o"
"cex","gen_instr_scan[0].i_instr_scan.rvi_jalr_o","i_instr_realign.unaligned_d"
"cex","gen_instr_scan[0].i_instr_scan.rvi_jalr_o","i_instr_realign.valid_i"
"cex","gen_instr_scan[0].i_instr_scan.rvi_jalr_o","icache_dreq_i.ready"
"cex","gen_instr_scan[0].i_instr_scan.rvi_jalr_o","icache_dreq_i.valid"
"cex","gen_instr_scan[0].i_instr_scan.rvi_jalr_o","icache_dreq_o.req"
"cex","gen_instr_scan[0].i_instr_scan.rvi_jalr_o","icache_valid_q"
"cex","gen_instr_scan[0].i_instr_scan.rvi_jalr_o","if_ready"
"cex","gen_instr_scan[0].i_instr_scan.rvi_jalr_o","instr_queue_ready"
"cex","gen_instr_scan[0].i_instr_scan.rvi_jump_o","debug_mode_i"
"cex","gen_instr_scan[0].i_instr_scan.rvi_jump_o","i_bht.debug_mode_i"
"cex","gen_instr_scan[0].i_instr_scan.rvi_jump_o","i_btb.debug_mode_i"
"cex","gen_instr_scan[0].i_instr_scan.rvi_jump_o","i_instr_queue.ready_o"
"cex","gen_instr_scan[0].i_instr_scan.rvi_jump_o","icache_dreq_o.req"
"cex","gen_instr_scan[0].i_instr_scan.rvi_jump_o","instr_queue_ready"
"cex","gen_instr_scan[1].i_instr_scan.is_jal_r","i_instr_queue.branch_empty"
"cex","gen_instr_scan[1].i_instr_scan.rvc_branch_o","fetch_entry_valid_o"
"cex","gen_instr_scan[1].i_instr_scan.rvc_branch_o","i_instr_queue.branch_empty"
"cex","gen_instr_scan[1].i_instr_scan.rvc_branch_o","i_instr_queue.fetch_entry_valid_o"
"cex","gen_instr_scan[1].i_instr_scan.rvc_branch_o","i_instr_queue.gen_instr_fifo[0].i_fifo_instr_data.write_pointer_n[0]"
"cex","gen_instr_scan[1].i_instr_scan.rvc_branch_o","i_instr_queue.gen_instr_fifo[0].i_fifo_instr_data.write_pointer_n[1]"
"cex","gen_instr_scan[1].i_instr_scan.rvc_branch_o","i_instr_queue.gen_instr_fifo[0].i_fifo_instr_data.write_pointer_q[1]"
"cex","gen_instr_scan[1].i_instr_scan.rvc_branch_o","i_instr_queue.gen_instr_fifo[1].i_fifo_instr_data.write_pointer_n[1]"
"cex","gen_instr_scan[1].i_instr_scan.rvc_branch_o","i_instr_queue.gen_instr_fifo[1].i_fifo_instr_data.write_pointer_q[1]"
"cex","gen_instr_scan[1].i_instr_scan.rvc_branch_o","i_instr_queue.ready_o"
"cex","gen_instr_scan[1].i_instr_scan.rvc_branch_o","i_ras.data_o.valid"
"cex","gen_instr_scan[1].i_instr_scan.rvc_branch_o","i_ras.stack_d[0].valid"
"cex","gen_instr_scan[1].i_instr_scan.rvc_branch_o","i_ras.stack_d[1].valid"
"cex","gen_instr_scan[1].i_instr_scan.rvc_branch_o","i_ras.stack_q[0].valid"
"cex","gen_instr_scan[1].i_instr_scan.rvc_branch_o","i_ras.stack_q[1].valid"
"cex","gen_instr_scan[1].i_instr_scan.rvc_branch_o","icache_dreq_o.req"
"cex","gen_instr_scan[1].i_instr_scan.rvc_branch_o","instr_queue_ready"
"cex","gen_instr_scan[1].i_instr_scan.rvc_branch_o","ras_predict.valid"
"cex","gen_instr_scan[1].i_instr_scan.rvc_call_o","fetch_entry_valid_o"
"cex","gen_instr_scan[1].i_instr_scan.rvc_call_o","i_instr_queue.branch_empty"
"cex","gen_instr_scan[1].i_instr_scan.rvc_call_o","i_instr_queue.fetch_entry_valid_o"
"cex","gen_instr_scan[1].i_instr_scan.rvc_call_o","i_instr_queue.gen_instr_fifo[0].i_fifo_instr_data.usage_o[1]"
"cex","gen_instr_scan[1].i_instr_scan.rvc_call_o","i_instr_queue.gen_instr_fifo[1].i_fifo_instr_data.usage_o[1]"
"cex","gen_instr_scan[1].i_instr_scan.rvc_call_o","i_instr_queue.instr_queue_usage[0][1]"
"cex","gen_instr_scan[1].i_instr_scan.rvc_call_o","i_instr_queue.instr_queue_usage[1][1]"
"cex","gen_instr_scan[1].i_instr_scan.rvc_call_o","i_instr_queue.ready_o"
"cex","gen_instr_scan[1].i_instr_scan.rvc_call_o","i_ras.data_o.valid"
"cex","gen_instr_scan[1].i_instr_scan.rvc_call_o","i_ras.stack_d[0].valid"
"cex","gen_instr_scan[1].i_instr_scan.rvc_call_o","i_ras.stack_q[0].valid"
"cex","gen_instr_scan[1].i_instr_scan.rvc_call_o","icache_dreq_o.req"
"cex","gen_instr_scan[1].i_instr_scan.rvc_call_o","instr_queue_ready"
"cex","gen_instr_scan[1].i_instr_scan.rvc_call_o","ras_predict.valid"
"cex","gen_instr_scan[1].i_instr_scan.rvc_jalr_o","fetch_entry_valid_o"
"cex","gen_instr_scan[1].i_instr_scan.rvc_jalr_o","i_instr_queue.branch_empty"
"cex","gen_instr_scan[1].i_instr_scan.rvc_jalr_o","i_instr_queue.fetch_entry_valid_o"
"cex","gen_instr_scan[1].i_instr_scan.rvc_jalr_o","i_instr_queue.gen_instr_fifo[0].i_fifo_instr_data.usage_o[1]"
"cex","gen_instr_scan[1].i_instr_scan.rvc_jalr_o","i_instr_queue.gen_instr_fifo[1].i_fifo_instr_data.usage_o[1]"
"cex","gen_instr_scan[1].i_instr_scan.rvc_jalr_o","i_instr_queue.instr_queue_usage[0][1]"
"cex","gen_instr_scan[1].i_instr_scan.rvc_jalr_o","i_instr_queue.instr_queue_usage[1][1]"
"cex","gen_instr_scan[1].i_instr_scan.rvc_jalr_o","i_instr_queue.ready_o"
"cex","gen_instr_scan[1].i_instr_scan.rvc_jalr_o","i_ras.data_o.valid"
"cex","gen_instr_scan[1].i_instr_scan.rvc_jalr_o","i_ras.stack_d[0].valid"
"cex","gen_instr_scan[1].i_instr_scan.rvc_jalr_o","i_ras.stack_q[0].valid"
"cex","gen_instr_scan[1].i_instr_scan.rvc_jalr_o","icache_dreq_o.req"
"cex","gen_instr_scan[1].i_instr_scan.rvc_jalr_o","instr_queue_ready"
"cex","gen_instr_scan[1].i_instr_scan.rvc_jalr_o","ras_predict.valid"
"cex","gen_instr_scan[1].i_instr_scan.rvc_jr_o","i_instr_queue.branch_empty"
"cex","gen_instr_scan[1].i_instr_scan.rvc_jump_o","i_instr_queue.branch_empty"
"cex","gen_instr_scan[1].i_instr_scan.rvc_jump_o","i_instr_queue.gen_instr_fifo[0].i_fifo_instr_data.write_pointer_n[1]"
"cex","gen_instr_scan[1].i_instr_scan.rvc_jump_o","i_instr_queue.gen_instr_fifo[0].i_fifo_instr_data.write_pointer_q[1]"
"cex","gen_instr_scan[1].i_instr_scan.rvc_jump_o","i_ras.data_o.valid"
"cex","gen_instr_scan[1].i_instr_scan.rvc_jump_o","i_ras.stack_d[0].valid"
"cex","gen_instr_scan[1].i_instr_scan.rvc_jump_o","i_ras.stack_d[1].valid"
"cex","gen_instr_scan[1].i_instr_scan.rvc_jump_o","i_ras.stack_q[0].valid"
"cex","gen_instr_scan[1].i_instr_scan.rvc_jump_o","i_ras.stack_q[1].valid"
"cex","gen_instr_scan[1].i_instr_scan.rvc_jump_o","ras_predict.valid"
"cex","gen_instr_scan[1].i_instr_scan.rvc_return_o","i_instr_queue.branch_empty"
"cex","i_bht.bht_prediction_o[0].taken","i_ras.data_o.valid"
"cex","i_bht.bht_prediction_o[0].taken","i_ras.stack_d[0].valid"
"cex","i_bht.bht_prediction_o[0].taken","i_ras.stack_q[0].valid"
"cex","i_bht.bht_prediction_o[0].taken","ras_predict.valid"
"cex","i_bht.bht_update_i.taken","i_instr_queue.branch_empty"
"cex","i_bht.bht_update_i.taken","i_instr_queue.gen_instr_fifo[0].i_fifo_instr_data.empty_o"
"cex","i_bht.bht_update_i.taken","i_instr_queue.gen_instr_fifo[0].i_fifo_instr_data.gate_clock"
"cex","i_bht.bht_update_i.taken","i_instr_queue.gen_instr_fifo[1].i_fifo_instr_data.empty_o"
"cex","i_bht.bht_update_i.taken","i_instr_queue.gen_instr_fifo[1].i_fifo_instr_data.gate_clock"
"cex","i_bht.bht_update_i.taken","i_instr_queue.instr_queue_empty[0]"
"cex","i_bht.bht_update_i.taken","i_instr_queue.instr_queue_empty[1]"
"cex","i_bht.bht_update_i.taken","i_instr_queue.ready_o"
"cex","i_bht.bht_update_i.taken","icache_dreq_o.req"
"cex","i_bht.bht_update_i.taken","instr_queue_ready"
"cex","i_bht.bht_update_i.valid","debug_mode_i"
"cex","i_bht.bht_update_i.valid","gen_instr_scan[0].i_instr_scan.rvi_branch_o"
"cex","i_bht.bht_update_i.valid","i_bht.debug_mode_i"
"cex","i_bht.bht_update_i.valid","i_btb.debug_mode_i"
"cex","i_bht.bht_update_i.valid","i_instr_queue.branch_empty"
"cex","i_bht.bht_update_i.valid","i_instr_queue.gen_instr_fifo[0].i_fifo_instr_data.empty_o"
"cex","i_bht.bht_update_i.valid","i_instr_queue.gen_instr_fifo[0].i_fifo_instr_data.gate_clock"
"cex","i_bht.bht_update_i.valid","i_instr_queue.gen_instr_fifo[1].i_fifo_instr_data.empty_o"
"cex","i_bht.bht_update_i.valid","i_instr_queue.gen_instr_fifo[1].i_fifo_instr_data.gate_clock"
"cex","i_bht.bht_update_i.valid","i_instr_queue.idx_ds_d[0]"
"cex","i_bht.bht_update_i.valid","i_instr_queue.idx_ds_q[0]"
"cex","i_bht.bht_update_i.valid","i_instr_queue.instr_queue_empty[0]"
"cex","i_bht.bht_update_i.valid","i_instr_queue.instr_queue_empty[1]"
"cex","i_bht.bht_update_i.valid","i_instr_queue.ready_o"
"cex","i_bht.bht_update_i.valid","icache_dreq_o.req"
"cex","i_bht.bht_update_i.valid","instr_queue_ready"
"cex","i_bht.bht_update_i.valid","rvi_branch[0]"
"cex","i_bht.debug_mode_i","i_instr_queue.ready_o"
"cex","i_bht.debug_mode_i","icache_dreq_o.req"
"cex","i_bht.debug_mode_i","instr_queue_ready"
"cex","i_btb.btb_prediction_o[0].valid","i_instr_queue.branch_empty"
"cex","i_btb.btb_prediction_o[0].valid","i_instr_queue.ready_o"
"cex","i_btb.btb_prediction_o[0].valid","icache_dreq_o.req"
"cex","i_btb.btb_prediction_o[0].valid","instr_queue_ready"
"cex","i_btb.btb_update_i.valid","btb_prediction[0].valid"
"cex","i_btb.btb_update_i.valid","btb_prediction_shifted[0].valid"
"cex","i_btb.btb_update_i.valid","gen_instr_scan[0].i_instr_scan.is_jal_r"
"cex","i_btb.btb_update_i.valid","gen_instr_scan[0].i_instr_scan.is_rvc"
"cex","i_btb.btb_update_i.valid","gen_instr_scan[0].i_instr_scan.rvc_jr_o"
"cex","i_btb.btb_update_i.valid","i_btb.btb_prediction_o[0].valid"
"cex","i_btb.btb_update_i.valid","i_instr_queue.branch_empty"
"cex","i_btb.btb_update_i.valid","i_instr_queue.gen_instr_fifo[0].i_fifo_instr_data.gate_clock"
"cex","i_btb.btb_update_i.valid","i_instr_queue.gen_instr_fifo[1].i_fifo_instr_data.gate_clock"
"cex","i_btb.btb_update_i.valid","rvc_jr[0]"
"cex","i_btb.debug_mode_i","i_instr_queue.ready_o"
"cex","i_btb.debug_mode_i","icache_dreq_o.req"
"cex","i_btb.debug_mode_i","instr_queue_ready"
"cex","i_instr_queue.branch_empty","i_instr_queue.ready_o"
"cex","i_instr_queue.branch_empty","icache_dreq_o.req"
"cex","i_instr_queue.branch_empty","instr_queue_ready"
"cex","i_instr_queue.consumed_o[0]","i_instr_queue.branch_empty"
"cex","i_instr_queue.consumed_o[0]","i_instr_queue.ready_o"
"cex","i_instr_queue.consumed_o[0]","icache_dreq_o.req"
"cex","i_instr_queue.consumed_o[0]","instr_queue_ready"
"cex","i_instr_queue.consumed_o[1]","gen_instr_scan[0].i_instr_scan.is_rvc"
"cex","i_instr_queue.consumed_o[1]","i_instr_queue.branch_empty"
"cex","i_instr_queue.consumed_o[1]","i_instr_queue.ready_o"
"cex","i_instr_queue.consumed_o[1]","icache_dreq_o.req"
"cex","i_instr_queue.consumed_o[1]","instr_queue_ready"
"cex","i_instr_queue.fetch_entry_ready_i","i_instr_queue.branch_empty"
"cex","i_instr_queue.fetch_entry_ready_i","i_instr_queue.ready_o"
"cex","i_instr_queue.fetch_entry_ready_i","icache_dreq_o.req"
"cex","i_instr_queue.fetch_entry_ready_i","instr_queue_ready"
"cex","i_instr_queue.fetch_entry_valid_o","i_instr_queue.branch_empty"
"cex","i_instr_queue.fetch_entry_valid_o","i_instr_queue.ready_o"
"cex","i_instr_queue.fetch_entry_valid_o","icache_dreq_o.req"
"cex","i_instr_queue.fetch_entry_valid_o","instr_queue_ready"
"cex","i_instr_queue.fifo_pos[0]","i_instr_queue.branch_empty"
"cex","i_instr_queue.fifo_pos[0]","i_instr_queue.ready_o"
"cex","i_instr_queue.fifo_pos[0]","icache_dreq_o.req"
"cex","i_instr_queue.fifo_pos[0]","instr_queue_ready"
"cex","i_instr_queue.fifo_pos[1]","i_instr_queue.branch_empty"
"cex","i_instr_queue.fifo_pos[1]","i_instr_queue.ready_o"
"cex","i_instr_queue.fifo_pos[1]","icache_dreq_o.req"
"cex","i_instr_queue.fifo_pos[1]","instr_queue_ready"
"cex","i_instr_queue.flush_i","i_instr_queue.branch_empty"
"cex","i_instr_queue.flush_i","i_instr_queue.gen_instr_fifo[0].i_fifo_instr_data.gate_clock"
"cex","i_instr_queue.flush_i","i_instr_queue.gen_instr_fifo[1].i_fifo_instr_data.gate_clock"
"cex","i_instr_queue.gen_instr_fifo[0].i_fifo_instr_data.flush_i","i_instr_queue.branch_empty"
"cex","i_instr_queue.gen_instr_fifo[0].i_fifo_instr_data.flush_i","i_instr_queue.gen_instr_fifo[0].i_fifo_instr_data.gate_clock"
"cex","i_instr_queue.gen_instr_fifo[0].i_fifo_instr_data.flush_i","i_instr_queue.gen_instr_fifo[1].i_fifo_instr_data.gate_clock"
"cex","i_instr_queue.gen_instr_fifo[0].i_fifo_instr_data.gate_clock","i_instr_queue.ready_o"
"cex","i_instr_queue.gen_instr_fifo[0].i_fifo_instr_data.gate_clock","icache_dreq_o.req"
"cex","i_instr_queue.gen_instr_fifo[0].i_fifo_instr_data.gate_clock","instr_queue_ready"
"cex","i_instr_queue.gen_instr_fifo[0].i_fifo_instr_data.pop_i","i_instr_queue.branch_empty"
"cex","i_instr_queue.gen_instr_fifo[0].i_fifo_instr_data.pop_i","i_instr_queue.gen_instr_fifo[0].i_fifo_instr_data.empty_o"
"cex","i_instr_queue.gen_instr_fifo[0].i_fifo_instr_data.pop_i","i_instr_queue.instr_queue_empty[0]"
"cex","i_instr_queue.gen_instr_fifo[0].i_fifo_instr_data.pop_i","i_instr_queue.ready_o"
"cex","i_instr_queue.gen_instr_fifo[0].i_fifo_instr_data.pop_i","icache_dreq_o.req"
"cex","i_instr_queue.gen_instr_fifo[0].i_fifo_instr_data.pop_i","instr_queue_ready"
"cex","i_instr_queue.gen_instr_fifo[0].i_fifo_instr_data.push_i","i_instr_queue.branch_empty"
"cex","i_instr_queue.gen_instr_fifo[0].i_fifo_instr_data.push_i","i_instr_queue.ready_o"
"cex","i_instr_queue.gen_instr_fifo[0].i_fifo_instr_data.push_i","icache_dreq_o.req"
"cex","i_instr_queue.gen_instr_fifo[0].i_fifo_instr_data.push_i","instr_queue_ready"
"cex","i_instr_queue.gen_instr_fifo[0].i_fifo_instr_data.read_pointer_n[0]","i_instr_queue.ready_o"
"cex","i_instr_queue.gen_instr_fifo[0].i_fifo_instr_data.read_pointer_n[0]","icache_dreq_o.req"
"cex","i_instr_queue.gen_instr_fifo[0].i_fifo_instr_data.read_pointer_n[0]","instr_queue_ready"
"cex","i_instr_queue.gen_instr_fifo[0].i_fifo_instr_data.read_pointer_n[1]","i_instr_queue.ready_o"
"cex","i_instr_queue.gen_instr_fifo[0].i_fifo_instr_data.read_pointer_n[1]","icache_dreq_o.req"
"cex","i_instr_queue.gen_instr_fifo[0].i_fifo_instr_data.read_pointer_n[1]","instr_queue_ready"
"cex","i_instr_queue.gen_instr_fifo[0].i_fifo_instr_data.read_pointer_q[0]","i_instr_queue.ready_o"
"cex","i_instr_queue.gen_instr_fifo[0].i_fifo_instr_data.read_pointer_q[0]","icache_dreq_o.req"
"cex","i_instr_queue.gen_instr_fifo[0].i_fifo_instr_data.read_pointer_q[0]","instr_queue_ready"
"cex","i_instr_queue.gen_instr_fifo[0].i_fifo_instr_data.read_pointer_q[1]","i_instr_queue.ready_o"
"cex","i_instr_queue.gen_instr_fifo[0].i_fifo_instr_data.read_pointer_q[1]","icache_dreq_o.req"
"cex","i_instr_queue.gen_instr_fifo[0].i_fifo_instr_data.read_pointer_q[1]","instr_queue_ready"
"cex","i_instr_queue.gen_instr_fifo[0].i_fifo_instr_data.usage_o[0]","i_instr_queue.branch_empty"
"cex","i_instr_queue.gen_instr_fifo[0].i_fifo_instr_data.usage_o[0]","i_instr_queue.ready_o"
"cex","i_instr_queue.gen_instr_fifo[0].i_fifo_instr_data.usage_o[0]","icache_dreq_o.req"
"cex","i_instr_queue.gen_instr_fifo[0].i_fifo_instr_data.usage_o[0]","instr_queue_ready"
"cex","i_instr_queue.gen_instr_fifo[0].i_fifo_instr_data.write_pointer_n[0]","i_instr_queue.ready_o"
"cex","i_instr_queue.gen_instr_fifo[0].i_fifo_instr_data.write_pointer_n[0]","icache_dreq_o.req"
"cex","i_instr_queue.gen_instr_fifo[0].i_fifo_instr_data.write_pointer_n[0]","instr_queue_ready"
"cex","i_instr_queue.gen_instr_fifo[0].i_fifo_instr_data.write_pointer_n[1]","i_instr_queue.ready_o"
"cex","i_instr_queue.gen_instr_fifo[0].i_fifo_instr_data.write_pointer_n[1]","icache_dreq_o.req"
"cex","i_instr_queue.gen_instr_fifo[0].i_fifo_instr_data.write_pointer_n[1]","instr_queue_ready"
"cex","i_instr_queue.gen_instr_fifo[0].i_fifo_instr_data.write_pointer_q[0]","i_instr_queue.ready_o"
"cex","i_instr_queue.gen_instr_fifo[0].i_fifo_instr_data.write_pointer_q[0]","icache_dreq_o.req"
"cex","i_instr_queue.gen_instr_fifo[0].i_fifo_instr_data.write_pointer_q[0]","instr_queue_ready"
"cex","i_instr_queue.gen_instr_fifo[0].i_fifo_instr_data.write_pointer_q[1]","i_instr_queue.ready_o"
"cex","i_instr_queue.gen_instr_fifo[0].i_fifo_instr_data.write_pointer_q[1]","icache_dreq_o.req"
"cex","i_instr_queue.gen_instr_fifo[0].i_fifo_instr_data.write_pointer_q[1]","instr_queue_ready"
"cex","i_instr_queue.gen_instr_fifo[1].i_fifo_instr_data.flush_i","i_instr_queue.branch_empty"
"cex","i_instr_queue.gen_instr_fifo[1].i_fifo_instr_data.flush_i","i_instr_queue.gen_instr_fifo[0].i_fifo_instr_data.gate_clock"
"cex","i_instr_queue.gen_instr_fifo[1].i_fifo_instr_data.flush_i","i_instr_queue.gen_instr_fifo[1].i_fifo_instr_data.gate_clock"
"cex","i_instr_queue.gen_instr_fifo[1].i_fifo_instr_data.gate_clock","i_instr_queue.ready_o"
"cex","i_instr_queue.gen_instr_fifo[1].i_fifo_instr_data.gate_clock","icache_dreq_o.req"
"cex","i_instr_queue.gen_instr_fifo[1].i_fifo_instr_data.gate_clock","instr_queue_ready"
"cex","i_instr_queue.gen_instr_fifo[1].i_fifo_instr_data.pop_i","i_instr_queue.branch_empty"
"cex","i_instr_queue.gen_instr_fifo[1].i_fifo_instr_data.pop_i","i_instr_queue.ready_o"
"cex","i_instr_queue.gen_instr_fifo[1].i_fifo_instr_data.pop_i","icache_dreq_o.req"
"cex","i_instr_queue.gen_instr_fifo[1].i_fifo_instr_data.pop_i","instr_queue_ready"
"cex","i_instr_queue.gen_instr_fifo[1].i_fifo_instr_data.push_i","i_instr_queue.branch_empty"
"cex","i_instr_queue.gen_instr_fifo[1].i_fifo_instr_data.push_i","i_instr_queue.ready_o"
"cex","i_instr_queue.gen_instr_fifo[1].i_fifo_instr_data.push_i","icache_dreq_o.req"
"cex","i_instr_queue.gen_instr_fifo[1].i_fifo_instr_data.push_i","instr_queue_ready"
"cex","i_instr_queue.gen_instr_fifo[1].i_fifo_instr_data.read_pointer_n[0]","i_instr_queue.ready_o"
"cex","i_instr_queue.gen_instr_fifo[1].i_fifo_instr_data.read_pointer_n[0]","icache_dreq_o.req"
"cex","i_instr_queue.gen_instr_fifo[1].i_fifo_instr_data.read_pointer_n[0]","instr_queue_ready"
"cex","i_instr_queue.gen_instr_fifo[1].i_fifo_instr_data.read_pointer_n[1]","i_instr_queue.ready_o"
"cex","i_instr_queue.gen_instr_fifo[1].i_fifo_instr_data.read_pointer_n[1]","icache_dreq_o.req"
"cex","i_instr_queue.gen_instr_fifo[1].i_fifo_instr_data.read_pointer_n[1]","instr_queue_ready"
"cex","i_instr_queue.gen_instr_fifo[1].i_fifo_instr_data.read_pointer_q[0]","i_instr_queue.ready_o"
"cex","i_instr_queue.gen_instr_fifo[1].i_fifo_instr_data.read_pointer_q[0]","icache_dreq_o.req"
"cex","i_instr_queue.gen_instr_fifo[1].i_fifo_instr_data.read_pointer_q[0]","instr_queue_ready"
"cex","i_instr_queue.gen_instr_fifo[1].i_fifo_instr_data.read_pointer_q[1]","i_instr_queue.ready_o"
"cex","i_instr_queue.gen_instr_fifo[1].i_fifo_instr_data.read_pointer_q[1]","icache_dreq_o.req"
"cex","i_instr_queue.gen_instr_fifo[1].i_fifo_instr_data.read_pointer_q[1]","instr_queue_ready"
"cex","i_instr_queue.gen_instr_fifo[1].i_fifo_instr_data.usage_o[0]","i_instr_queue.branch_empty"
"cex","i_instr_queue.gen_instr_fifo[1].i_fifo_instr_data.usage_o[0]","i_instr_queue.ready_o"
"cex","i_instr_queue.gen_instr_fifo[1].i_fifo_instr_data.usage_o[0]","icache_dreq_o.req"
"cex","i_instr_queue.gen_instr_fifo[1].i_fifo_instr_data.usage_o[0]","instr_queue_ready"
"cex","i_instr_queue.gen_instr_fifo[1].i_fifo_instr_data.write_pointer_n[0]","i_instr_queue.ready_o"
"cex","i_instr_queue.gen_instr_fifo[1].i_fifo_instr_data.write_pointer_n[0]","icache_dreq_o.req"
"cex","i_instr_queue.gen_instr_fifo[1].i_fifo_instr_data.write_pointer_n[0]","instr_queue_ready"
"cex","i_instr_queue.gen_instr_fifo[1].i_fifo_instr_data.write_pointer_n[1]","i_instr_queue.ready_o"
"cex","i_instr_queue.gen_instr_fifo[1].i_fifo_instr_data.write_pointer_n[1]","icache_dreq_o.req"
"cex","i_instr_queue.gen_instr_fifo[1].i_fifo_instr_data.write_pointer_n[1]","instr_queue_ready"
"cex","i_instr_queue.gen_instr_fifo[1].i_fifo_instr_data.write_pointer_q[0]","i_instr_queue.ready_o"
"cex","i_instr_queue.gen_instr_fifo[1].i_fifo_instr_data.write_pointer_q[0]","icache_dreq_o.req"
"cex","i_instr_queue.gen_instr_fifo[1].i_fifo_instr_data.write_pointer_q[0]","instr_queue_ready"
"cex","i_instr_queue.gen_instr_fifo[1].i_fifo_instr_data.write_pointer_q[1]","i_instr_queue.ready_o"
"cex","i_instr_queue.gen_instr_fifo[1].i_fifo_instr_data.write_pointer_q[1]","icache_dreq_o.req"
"cex","i_instr_queue.gen_instr_fifo[1].i_fifo_instr_data.write_pointer_q[1]","instr_queue_ready"
"cex","i_instr_queue.i_popcount.left_child_result[0]","i_instr_queue.branch_empty"
"cex","i_instr_queue.i_popcount.left_child_result[0]","i_instr_queue.ready_o"
"cex","i_instr_queue.i_popcount.left_child_result[0]","icache_dreq_o.req"
"cex","i_instr_queue.i_popcount.left_child_result[0]","instr_queue_ready"
"cex","i_instr_queue.i_popcount.padded_input[0]","i_instr_queue.branch_empty"
"cex","i_instr_queue.i_popcount.padded_input[0]","i_instr_queue.ready_o"
"cex","i_instr_queue.i_popcount.padded_input[0]","icache_dreq_o.req"
"cex","i_instr_queue.i_popcount.padded_input[0]","instr_queue_ready"
"cex","i_instr_queue.i_popcount.padded_input[1]","i_instr_queue.branch_empty"
"cex","i_instr_queue.i_popcount.padded_input[1]","i_instr_queue.ready_o"
"cex","i_instr_queue.i_popcount.padded_input[1]","icache_dreq_o.req"
"cex","i_instr_queue.i_popcount.padded_input[1]","instr_queue_ready"
"cex","i_instr_queue.i_popcount.popcount_o[0]","fetch_entry_ready_i"
"cex","i_instr_queue.i_popcount.popcount_o[0]","fetch_entry_valid_o"
"cex","i_instr_queue.i_popcount.popcount_o[0]","i_instr_queue.branch_empty"
"cex","i_instr_queue.i_popcount.popcount_o[0]","i_instr_queue.fetch_entry_ready_i"
"cex","i_instr_queue.i_popcount.popcount_o[0]","i_instr_queue.fetch_entry_valid_o"
"cex","i_instr_queue.i_popcount.popcount_o[0]","i_instr_queue.gen_instr_fifo[0].i_fifo_instr_data.gate_clock"
"cex","i_instr_queue.i_popcount.popcount_o[0]","i_instr_queue.gen_instr_fifo[1].i_fifo_instr_data.gate_clock"
"cex","i_instr_queue.i_popcount.popcount_o[0]","i_instr_queue.ready_o"
"cex","i_instr_queue.i_popcount.popcount_o[0]","icache_dreq_o.req"
"cex","i_instr_queue.i_popcount.popcount_o[0]","instr_queue_ready"
"cex","i_instr_queue.i_popcount.popcount_o[1]","gen_instr_scan[0].i_instr_scan.is_rvc"
"cex","i_instr_queue.i_popcount.popcount_o[1]","i_instr_queue.branch_empty"
"cex","i_instr_queue.i_popcount.popcount_o[1]","i_instr_queue.ready_o"
"cex","i_instr_queue.i_popcount.popcount_o[1]","icache_dreq_o.req"
"cex","i_instr_queue.i_popcount.popcount_o[1]","instr_queue_ready"
"cex","i_instr_queue.i_popcount.right_child_result[0]","i_instr_queue.branch_empty"
"cex","i_instr_queue.i_popcount.right_child_result[0]","i_instr_queue.ready_o"
"cex","i_instr_queue.i_popcount.right_child_result[0]","icache_dreq_o.req"
"cex","i_instr_queue.i_popcount.right_child_result[0]","instr_queue_ready"
"cex","i_instr_queue.idx_ds_d[0]","i_instr_queue.ready_o"
"cex","i_instr_queue.idx_ds_d[0]","icache_dreq_o.req"
"cex","i_instr_queue.idx_ds_d[0]","instr_queue_ready"
"cex","i_instr_queue.idx_ds_d[1]","i_instr_queue.ready_o"
"cex","i_instr_queue.idx_ds_d[1]","icache_dreq_o.req"
"cex","i_instr_queue.idx_ds_d[1]","instr_queue_ready"
"cex","i_instr_queue.idx_ds_q[0]","i_instr_queue.ready_o"
"cex","i_instr_queue.idx_ds_q[0]","icache_dreq_o.req"
"cex","i_instr_queue.idx_ds_q[0]","instr_queue_ready"
"cex","i_instr_queue.idx_ds_q[1]","i_instr_queue.ready_o"
"cex","i_instr_queue.idx_ds_q[1]","icache_dreq_o.req"
"cex","i_instr_queue.idx_ds_q[1]","instr_queue_ready"
"cex","i_instr_queue.idx_is_d[0]","i_instr_queue.ready_o"
"cex","i_instr_queue.idx_is_d[0]","icache_dreq_o.req"
"cex","i_instr_queue.idx_is_d[0]","instr_queue_ready"
"cex","i_instr_queue.idx_is_q[0]","i_instr_queue.ready_o"
"cex","i_instr_queue.idx_is_q[0]","icache_dreq_o.req"
"cex","i_instr_queue.idx_is_q[0]","instr_queue_ready"
"cex","i_instr_queue.instr_overflow","fetch_entry_valid_o"
"cex","i_instr_queue.instr_overflow","i_instr_queue.branch_empty"
"cex","i_instr_queue.instr_overflow","i_instr_queue.fetch_entry_valid_o"
"cex","i_instr_queue.instr_overflow","i_instr_queue.gen_instr_fifo[0].i_fifo_instr_data.gate_clock"
"cex","i_instr_queue.instr_overflow","i_instr_queue.gen_instr_fifo[1].i_fifo_instr_data.gate_clock"
"cex","i_instr_queue.instr_overflow","icache_dreq_i.ready"
"cex","i_instr_queue.instr_overflow_fifo[0]","fetch_entry_valid_o"
"cex","i_instr_queue.instr_overflow_fifo[0]","i_instr_queue.branch_empty"
"cex","i_instr_queue.instr_overflow_fifo[0]","i_instr_queue.fetch_entry_valid_o"
"cex","i_instr_queue.instr_overflow_fifo[0]","i_instr_queue.gen_instr_fifo[0].i_fifo_instr_data.gate_clock"
"cex","i_instr_queue.instr_overflow_fifo[0]","i_instr_queue.gen_instr_fifo[1].i_fifo_instr_data.gate_clock"
"cex","i_instr_queue.instr_overflow_fifo[0]","icache_dreq_i.ready"
"cex","i_instr_queue.instr_overflow_fifo[1]","fetch_entry_valid_o"
"cex","i_instr_queue.instr_overflow_fifo[1]","i_instr_queue.branch_empty"
"cex","i_instr_queue.instr_overflow_fifo[1]","i_instr_queue.fetch_entry_valid_o"
"cex","i_instr_queue.instr_overflow_fifo[1]","i_instr_queue.gen_instr_fifo[0].i_fifo_instr_data.gate_clock"
"cex","i_instr_queue.instr_overflow_fifo[1]","i_instr_queue.gen_instr_fifo[1].i_fifo_instr_data.gate_clock"
"cex","i_instr_queue.instr_overflow_fifo[1]","icache_dreq_i.ready"
"cex","i_instr_queue.instr_queue_usage[0][0]","i_instr_queue.branch_empty"
"cex","i_instr_queue.instr_queue_usage[0][0]","i_instr_queue.ready_o"
"cex","i_instr_queue.instr_queue_usage[0][0]","icache_dreq_o.req"
"cex","i_instr_queue.instr_queue_usage[0][0]","instr_queue_ready"
"cex","i_instr_queue.instr_queue_usage[1][0]","i_instr_queue.branch_empty"
"cex","i_instr_queue.instr_queue_usage[1][0]","i_instr_queue.ready_o"
"cex","i_instr_queue.instr_queue_usage[1][0]","icache_dreq_o.req"
"cex","i_instr_queue.instr_queue_usage[1][0]","instr_queue_ready"
"cex","i_instr_queue.pop_instr[0]","i_instr_queue.branch_empty"
"cex","i_instr_queue.pop_instr[0]","i_instr_queue.gen_instr_fifo[0].i_fifo_instr_data.empty_o"
"cex","i_instr_queue.pop_instr[0]","i_instr_queue.instr_queue_empty[0]"
"cex","i_instr_queue.pop_instr[0]","i_instr_queue.ready_o"
"cex","i_instr_queue.pop_instr[0]","icache_dreq_o.req"
"cex","i_instr_queue.pop_instr[0]","instr_queue_ready"
"cex","i_instr_queue.pop_instr[1]","i_instr_queue.branch_empty"
"cex","i_instr_queue.pop_instr[1]","i_instr_queue.ready_o"
"cex","i_instr_queue.pop_instr[1]","icache_dreq_o.req"
"cex","i_instr_queue.pop_instr[1]","instr_queue_ready"
"cex","i_instr_queue.popcount[0]","fetch_entry_ready_i"
"cex","i_instr_queue.popcount[0]","fetch_entry_valid_o"
"cex","i_instr_queue.popcount[0]","i_instr_queue.branch_empty"
"cex","i_instr_queue.popcount[0]","i_instr_queue.fetch_entry_ready_i"
"cex","i_instr_queue.popcount[0]","i_instr_queue.fetch_entry_valid_o"
"cex","i_instr_queue.popcount[0]","i_instr_queue.gen_instr_fifo[0].i_fifo_instr_data.gate_clock"
"cex","i_instr_queue.popcount[0]","i_instr_queue.gen_instr_fifo[1].i_fifo_instr_data.gate_clock"
"cex","i_instr_queue.popcount[0]","i_instr_queue.ready_o"
"cex","i_instr_queue.popcount[0]","icache_dreq_o.req"
"cex","i_instr_queue.popcount[0]","instr_queue_ready"
"cex","i_instr_queue.popcount[1]","gen_instr_scan[0].i_instr_scan.is_rvc"
"cex","i_instr_queue.popcount[1]","i_instr_queue.branch_empty"
"cex","i_instr_queue.popcount[1]","i_instr_queue.ready_o"
"cex","i_instr_queue.popcount[1]","icache_dreq_o.req"
"cex","i_instr_queue.popcount[1]","instr_queue_ready"
"cex","i_instr_queue.push_instr[0]","i_instr_queue.branch_empty"
"cex","i_instr_queue.push_instr[0]","i_instr_queue.ready_o"
"cex","i_instr_queue.push_instr[0]","icache_dreq_o.req"
"cex","i_instr_queue.push_instr[0]","instr_queue_ready"
"cex","i_instr_queue.push_instr[1]","i_instr_queue.branch_empty"
"cex","i_instr_queue.push_instr[1]","i_instr_queue.ready_o"
"cex","i_instr_queue.push_instr[1]","icache_dreq_o.req"
"cex","i_instr_queue.push_instr[1]","instr_queue_ready"
"cex","i_instr_queue.push_instr_fifo[0]","i_instr_queue.branch_empty"
"cex","i_instr_queue.push_instr_fifo[0]","i_instr_queue.ready_o"
"cex","i_instr_queue.push_instr_fifo[0]","icache_dreq_o.req"
"cex","i_instr_queue.push_instr_fifo[0]","instr_queue_ready"
"cex","i_instr_queue.push_instr_fifo[1]","i_instr_queue.branch_empty"
"cex","i_instr_queue.push_instr_fifo[1]","i_instr_queue.ready_o"
"cex","i_instr_queue.push_instr_fifo[1]","icache_dreq_o.req"
"cex","i_instr_queue.push_instr_fifo[1]","instr_queue_ready"
"cex","i_instr_queue.replay_o","fetch_entry_valid_o"
"cex","i_instr_queue.replay_o","i_instr_queue.branch_empty"
"cex","i_instr_queue.replay_o","i_instr_queue.fetch_entry_valid_o"
"cex","i_instr_queue.replay_o","i_instr_queue.gen_instr_fifo[0].i_fifo_instr_data.gate_clock"
"cex","i_instr_queue.replay_o","i_instr_queue.gen_instr_fifo[1].i_fifo_instr_data.gate_clock"
"cex","i_instr_queue.replay_o","icache_dreq_i.ready"
"cex","i_instr_queue.shamt[0]","fetch_entry_ready_i"
"cex","i_instr_queue.shamt[0]","fetch_entry_valid_o"
"cex","i_instr_queue.shamt[0]","i_instr_queue.branch_empty"
"cex","i_instr_queue.shamt[0]","i_instr_queue.fetch_entry_ready_i"
"cex","i_instr_queue.shamt[0]","i_instr_queue.fetch_entry_valid_o"
"cex","i_instr_queue.shamt[0]","i_instr_queue.gen_instr_fifo[0].i_fifo_instr_data.gate_clock"
"cex","i_instr_queue.shamt[0]","i_instr_queue.gen_instr_fifo[1].i_fifo_instr_data.gate_clock"
"cex","i_instr_queue.shamt[0]","i_instr_queue.ready_o"
"cex","i_instr_queue.shamt[0]","icache_dreq_o.req"
"cex","i_instr_queue.shamt[0]","instr_queue_ready"
"cex","i_instr_queue.taken[0]","fetch_entry_ready_i"
"cex","i_instr_queue.taken[0]","fetch_entry_valid_o"
"cex","i_instr_queue.taken[0]","i_instr_queue.branch_empty"
"cex","i_instr_queue.taken[0]","i_instr_queue.fetch_entry_ready_i"
"cex","i_instr_queue.taken[0]","i_instr_queue.fetch_entry_valid_o"
"cex","i_instr_queue.taken[0]","i_instr_queue.gen_instr_fifo[0].i_fifo_instr_data.gate_clock"
"cex","i_instr_queue.taken[0]","i_instr_queue.gen_instr_fifo[1].i_fifo_instr_data.gate_clock"
"cex","i_instr_queue.taken[0]","i_instr_queue.ready_o"
"cex","i_instr_queue.taken[0]","icache_dreq_o.req"
"cex","i_instr_queue.taken[0]","instr_queue_ready"
"cex","i_instr_queue.taken[1]","fetch_entry_valid_o"
"cex","i_instr_queue.taken[1]","i_instr_queue.branch_empty"
"cex","i_instr_queue.taken[1]","i_instr_queue.fetch_entry_valid_o"
"cex","i_instr_queue.taken[1]","i_instr_queue.gen_instr_fifo[0].i_fifo_instr_data.gate_clock"
"cex","i_instr_queue.taken[1]","i_instr_queue.gen_instr_fifo[1].i_fifo_instr_data.gate_clock"
"cex","i_instr_queue.valid[0]","i_instr_queue.branch_empty"
"cex","i_instr_queue.valid[0]","i_instr_queue.ready_o"
"cex","i_instr_queue.valid[0]","icache_dreq_o.req"
"cex","i_instr_queue.valid[0]","instr_queue_ready"
"cex","i_instr_queue.valid[1]","gen_instr_scan[0].i_instr_scan.is_rvc"
"cex","i_instr_queue.valid[1]","i_instr_queue.branch_empty"
"cex","i_instr_queue.valid[1]","i_instr_queue.ready_o"
"cex","i_instr_queue.valid[1]","icache_dreq_o.req"
"cex","i_instr_queue.valid[1]","instr_queue_ready"
"cex","i_instr_queue.valid_i[0]","i_instr_queue.branch_empty"
"cex","i_instr_queue.valid_i[0]","i_instr_queue.ready_o"
"cex","i_instr_queue.valid_i[0]","icache_dreq_o.req"
"cex","i_instr_queue.valid_i[0]","instr_queue_ready"
"cex","i_instr_queue.valid_i[1]","gen_instr_scan[0].i_instr_scan.is_rvc"
"cex","i_instr_queue.valid_i[1]","i_instr_queue.branch_empty"
"cex","i_instr_queue.valid_i[1]","i_instr_queue.ready_o"
"cex","i_instr_queue.valid_i[1]","icache_dreq_o.req"
"cex","i_instr_queue.valid_i[1]","instr_queue_ready"
"cex","i_instr_realign.flush_i","i_instr_queue.branch_empty"
"cex","i_instr_realign.flush_i","i_instr_queue.gen_instr_fifo[0].i_fifo_instr_data.gate_clock"
"cex","i_instr_realign.flush_i","i_instr_queue.gen_instr_fifo[1].i_fifo_instr_data.gate_clock"
"cex","i_instr_realign.flush_i","i_instr_queue.ready_o"
"cex","i_instr_realign.flush_i","icache_dreq_o.req"
"cex","i_instr_realign.flush_i","instr_queue_ready"
"cex","i_instr_realign.valid_i","i_instr_queue.branch_empty"
"cex","i_instr_realign.valid_i","i_instr_queue.ready_o"
"cex","i_instr_realign.valid_i","icache_dreq_o.req"
"cex","i_instr_realign.valid_i","instr_queue_ready"
"cex","i_instr_realign.valid_o[0]","i_instr_queue.branch_empty"
"cex","i_instr_realign.valid_o[0]","i_instr_queue.ready_o"
"cex","i_instr_realign.valid_o[0]","icache_dreq_o.req"
"cex","i_instr_realign.valid_o[0]","instr_queue_ready"
"cex","i_instr_realign.valid_o[1]","gen_instr_scan[0].i_instr_scan.is_rvc"
"cex","i_instr_realign.valid_o[1]","i_instr_queue.branch_empty"
"cex","i_instr_realign.valid_o[1]","i_instr_queue.ready_o"
"cex","i_instr_realign.valid_o[1]","icache_dreq_o.req"
"cex","i_instr_realign.valid_o[1]","instr_queue_ready"
"cex","i_ras.pop_i","fetch_entry_valid_o"
"cex","i_ras.pop_i","gen_instr_scan[0].i_instr_scan.is_rvc"
"cex","i_ras.pop_i","i_instr_queue.branch_empty"
"cex","i_ras.pop_i","i_instr_queue.fetch_entry_valid_o"
"cex","i_ras.pop_i","i_instr_queue.gen_instr_fifo[0].i_fifo_instr_data.gate_clock"
"cex","i_ras.pop_i","i_instr_queue.gen_instr_fifo[1].i_fifo_instr_data.gate_clock"
"cex","i_ras.push_i","i_instr_queue.branch_empty"
"cex","i_ras.push_i","i_ras.stack_d[0].valid"
"cex","icache_dreq_i.ready","i_instr_queue.branch_empty"
"cex","icache_dreq_i.ready","i_instr_queue.ready_o"
"cex","icache_dreq_i.ready","icache_dreq_o.req"
"cex","icache_dreq_i.ready","instr_queue_ready"
"cex","icache_dreq_i.valid","i_instr_queue.consumed_o[0]"
"cex","icache_dreq_i.valid","i_instr_queue.ready_o"
"cex","icache_dreq_i.valid","i_instr_queue.valid[0]"
"cex","icache_dreq_i.valid","i_instr_queue.valid_i[0]"
"cex","icache_dreq_i.valid","i_instr_realign.valid_o[0]"
"cex","icache_dreq_i.valid","icache_dreq_i.ready"
"cex","icache_dreq_i.valid","icache_dreq_o.req"
"cex","icache_dreq_i.valid","if_ready"
"cex","icache_dreq_i.valid","instr_queue_consumed[0]"
"cex","icache_dreq_i.valid","instr_queue_ready"
"cex","icache_dreq_o.kill_s1","i_instr_queue.branch_empty"
"cex","icache_dreq_o.kill_s1","i_instr_queue.gen_instr_fifo[0].i_fifo_instr_data.empty_o"
"cex","icache_dreq_o.kill_s1","i_instr_queue.gen_instr_fifo[0].i_fifo_instr_data.gate_clock"
"cex","icache_dreq_o.kill_s1","i_instr_queue.gen_instr_fifo[1].i_fifo_instr_data.empty_o"
"cex","icache_dreq_o.kill_s1","i_instr_queue.gen_instr_fifo[1].i_fifo_instr_data.gate_clock"
"cex","icache_dreq_o.kill_s1","i_instr_queue.idx_ds_d[0]"
"cex","icache_dreq_o.kill_s1","i_instr_queue.idx_ds_q[0]"
"cex","icache_dreq_o.kill_s1","i_instr_queue.instr_queue_empty[0]"
"cex","icache_dreq_o.kill_s1","i_instr_queue.instr_queue_empty[1]"
"cex","icache_dreq_o.kill_s1","i_instr_queue.ready_o"
"cex","icache_dreq_o.kill_s1","icache_dreq_o.req"
"cex","icache_dreq_o.kill_s1","instr_queue_ready"
"cex","icache_dreq_o.kill_s2","i_instr_queue.branch_empty"
"cex","icache_dreq_o.kill_s2","i_instr_queue.gen_instr_fifo[0].i_fifo_instr_data.gate_clock"
"cex","icache_dreq_o.kill_s2","i_instr_queue.gen_instr_fifo[1].i_fifo_instr_data.gate_clock"
"cex","icache_dreq_o.kill_s2","i_instr_queue.ready_o"
"cex","icache_dreq_o.kill_s2","icache_dreq_o.req"
"cex","icache_dreq_o.kill_s2","instr_queue_ready"
"cex","icache_valid_q","i_instr_queue.branch_empty"
"cex","icache_valid_q","i_instr_queue.ready_o"
"cex","icache_valid_q","icache_dreq_o.req"
"cex","icache_valid_q","instr_queue_ready"
"cex","if_ready","i_instr_queue.branch_empty"
"cex","if_ready","i_instr_queue.ready_o"
"cex","if_ready","icache_dreq_o.req"
"cex","if_ready","instr_queue_ready"
"cex","instr_queue_consumed[0]","i_instr_queue.branch_empty"
"cex","instr_queue_consumed[0]","i_instr_queue.ready_o"
"cex","instr_queue_consumed[0]","icache_dreq_o.req"
"cex","instr_queue_consumed[0]","instr_queue_ready"
"cex","instr_queue_consumed[1]","gen_instr_scan[0].i_instr_scan.is_rvc"
"cex","instr_queue_consumed[1]","i_instr_queue.branch_empty"
"cex","instr_queue_consumed[1]","i_instr_queue.ready_o"
"cex","instr_queue_consumed[1]","icache_dreq_o.req"
"cex","instr_queue_consumed[1]","instr_queue_ready"
"cex","is_branch[0]","debug_mode_i"
"cex","is_branch[0]","fetch_entry_ready_i"
"cex","is_branch[0]","fetch_entry_valid_o"
"cex","is_branch[0]","gen_instr_scan[0].i_instr_scan.rvi_branch_o"
"cex","is_branch[0]","i_bht.debug_mode_i"
"cex","is_branch[0]","i_btb.debug_mode_i"
"cex","is_branch[0]","i_instr_queue.branch_empty"
"cex","is_branch[0]","i_instr_queue.fetch_entry_ready_i"
"cex","is_branch[0]","i_instr_queue.fetch_entry_valid_o"
"cex","is_branch[0]","i_instr_queue.gen_instr_fifo[0].i_fifo_instr_data.gate_clock"
"cex","is_branch[0]","i_instr_queue.gen_instr_fifo[1].i_fifo_instr_data.gate_clock"
"cex","is_branch[0]","i_instr_queue.gen_instr_fifo[1].i_fifo_instr_data.read_pointer_q[0]"
"cex","is_branch[0]","i_instr_queue.ready_o"
"cex","is_branch[0]","icache_dreq_o.req"
"cex","is_branch[0]","instr_queue_ready"
"cex","is_branch[0]","rvi_branch[0]"
"cex","is_branch[1]","fetch_entry_valid_o"
"cex","is_branch[1]","i_instr_queue.branch_empty"
"cex","is_branch[1]","i_instr_queue.fetch_entry_valid_o"
"cex","is_branch[1]","i_instr_queue.gen_instr_fifo[0].i_fifo_instr_data.usage_o[1]"
"cex","is_branch[1]","i_instr_queue.gen_instr_fifo[0].i_fifo_instr_data.write_pointer_n[0]"
"cex","is_branch[1]","i_instr_queue.gen_instr_fifo[0].i_fifo_instr_data.write_pointer_n[1]"
"cex","is_branch[1]","i_instr_queue.gen_instr_fifo[0].i_fifo_instr_data.write_pointer_q[1]"
"cex","is_branch[1]","i_instr_queue.gen_instr_fifo[1].i_fifo_instr_data.gate_clock"
"cex","is_branch[1]","i_instr_queue.gen_instr_fifo[1].i_fifo_instr_data.write_pointer_n[1]"
"cex","is_branch[1]","i_instr_queue.gen_instr_fifo[1].i_fifo_instr_data.write_pointer_q[1]"
"cex","is_branch[1]","i_instr_queue.idx_ds_q[0]"
"cex","is_branch[1]","i_instr_queue.idx_is_d[0]"
"cex","is_branch[1]","i_instr_queue.instr_queue_usage[0][1]"
"cex","is_branch[1]","i_instr_queue.ready_o"
"cex","is_branch[1]","i_ras.data_o.valid"
"cex","is_branch[1]","i_ras.stack_d[0].valid"
"cex","is_branch[1]","i_ras.stack_d[1].valid"
"cex","is_branch[1]","i_ras.stack_q[0].valid"
"cex","is_branch[1]","i_ras.stack_q[1].valid"
"cex","is_branch[1]","icache_dreq_o.req"
"cex","is_branch[1]","instr_queue_ready"
"cex","is_branch[1]","ras_predict.valid"
"cex","is_call[0]","i_instr_queue.branch_empty"
"cex","is_call[0]","i_instr_queue.gen_instr_fifo[0].i_fifo_instr_data.gate_clock"
"cex","is_call[0]","i_instr_queue.gen_instr_fifo[1].i_fifo_instr_data.gate_clock"
"cex","is_call[0]","i_ras.data_o.valid"
"cex","is_call[0]","i_ras.stack_d[0].valid"
"cex","is_call[0]","i_ras.stack_q[0].valid"
"cex","is_call[0]","ras_predict.valid"
"cex","is_call[1]","fetch_entry_valid_o"
"cex","is_call[1]","i_instr_queue.branch_empty"
"cex","is_call[1]","i_instr_queue.fetch_entry_valid_o"
"cex","is_call[1]","i_instr_queue.gen_instr_fifo[0].i_fifo_instr_data.usage_o[1]"
"cex","is_call[1]","i_instr_queue.gen_instr_fifo[1].i_fifo_instr_data.usage_o[1]"
"cex","is_call[1]","i_instr_queue.instr_queue_usage[0][1]"
"cex","is_call[1]","i_instr_queue.instr_queue_usage[1][1]"
"cex","is_call[1]","i_instr_queue.ready_o"
"cex","is_call[1]","i_ras.data_o.valid"
"cex","is_call[1]","i_ras.stack_d[0].valid"
"cex","is_call[1]","i_ras.stack_q[0].valid"
"cex","is_call[1]","icache_dreq_o.req"
"cex","is_call[1]","instr_queue_ready"
"cex","is_call[1]","ras_predict.valid"
"cex","is_jalr[0]","fetch_entry_ready_i"
"cex","is_jalr[0]","fetch_entry_valid_o"
"cex","is_jalr[0]","gen_instr_scan[0].i_instr_scan.is_jal_r"
"cex","is_jalr[0]","gen_instr_scan[0].i_instr_scan.is_rvc"
"cex","is_jalr[0]","gen_instr_scan[0].i_instr_scan.rvc_jr_o"
"cex","is_jalr[0]","i_instr_queue.branch_empty"
"cex","is_jalr[0]","i_instr_queue.fetch_entry_ready_i"
"cex","is_jalr[0]","i_instr_queue.fetch_entry_valid_o"
"cex","is_jalr[0]","i_instr_queue.gen_instr_fifo[0].i_fifo_instr_data.gate_clock"
"cex","is_jalr[0]","i_instr_queue.gen_instr_fifo[0].i_fifo_instr_data.read_pointer_n[0]"
"cex","is_jalr[0]","i_instr_queue.gen_instr_fifo[0].i_fifo_instr_data.read_pointer_n[1]"
"cex","is_jalr[0]","i_instr_queue.gen_instr_fifo[0].i_fifo_instr_data.read_pointer_q[0]"
"cex","is_jalr[0]","i_instr_queue.gen_instr_fifo[0].i_fifo_instr_data.read_pointer_q[1]"
"cex","is_jalr[0]","i_instr_queue.gen_instr_fifo[0].i_fifo_instr_data.usage_o[0]"
"cex","is_jalr[0]","i_instr_queue.gen_instr_fifo[1].i_fifo_instr_data.gate_clock"
"cex","is_jalr[0]","i_instr_queue.gen_instr_fifo[1].i_fifo_instr_data.pop_i"
"cex","is_jalr[0]","i_instr_queue.gen_instr_fifo[1].i_fifo_instr_data.read_pointer_n[0]"
"cex","is_jalr[0]","i_instr_queue.gen_instr_fifo[1].i_fifo_instr_data.read_pointer_n[1]"
"cex","is_jalr[0]","i_instr_queue.gen_instr_fifo[1].i_fifo_instr_data.read_pointer_q[1]"
"cex","is_jalr[0]","i_instr_queue.gen_instr_fifo[1].i_fifo_instr_data.usage_o[0]"
"cex","is_jalr[0]","i_instr_queue.gen_instr_fifo[1].i_fifo_instr_data.write_pointer_n[0]"
"cex","is_jalr[0]","i_instr_queue.gen_instr_fifo[1].i_fifo_instr_data.write_pointer_n[1]"
"cex","is_jalr[0]","i_instr_queue.gen_instr_fifo[1].i_fifo_instr_data.write_pointer_q[0]"
"cex","is_jalr[0]","i_instr_queue.gen_instr_fifo[1].i_fifo_instr_data.write_pointer_q[1]"
"cex","is_jalr[0]","i_instr_queue.idx_ds_d[0]"
"cex","is_jalr[0]","i_instr_queue.idx_ds_q[1]"
"cex","is_jalr[0]","i_instr_queue.idx_is_d[0]"
"cex","is_jalr[0]","i_instr_queue.idx_is_q[0]"
"cex","is_jalr[0]","i_instr_queue.instr_queue_usage[0][0]"
"cex","is_jalr[0]","i_instr_queue.instr_queue_usage[1][0]"
"cex","is_jalr[0]","i_instr_queue.pop_instr[1]"
"cex","is_jalr[0]","i_instr_queue.ready_o"
"cex","is_jalr[0]","icache_dreq_o.req"
"cex","is_jalr[0]","instr_queue_ready"
"cex","is_jalr[0]","rvc_jr[0]"
"cex","is_jump[0]","fetch_entry_ready_i"
"cex","is_jump[0]","fetch_entry_valid_o"
"cex","is_jump[0]","i_instr_queue.branch_empty"
"cex","is_jump[0]","i_instr_queue.fetch_entry_ready_i"
"cex","is_jump[0]","i_instr_queue.fetch_entry_valid_o"
"cex","is_jump[0]","i_instr_queue.gen_instr_fifo[0].i_fifo_instr_data.gate_clock"
"cex","is_jump[0]","i_instr_queue.gen_instr_fifo[1].i_fifo_instr_data.gate_clock"
"cex","is_jump[0]","i_instr_queue.ready_o"
"cex","is_jump[0]","icache_dreq_o.req"
"cex","is_jump[0]","instr_queue_ready"
"cex","is_jump[1]","fetch_entry_valid_o"
"cex","is_jump[1]","i_instr_queue.branch_empty"
"cex","is_jump[1]","i_instr_queue.fetch_entry_valid_o"
"cex","is_jump[1]","i_instr_queue.gen_instr_fifo[0].i_fifo_instr_data.gate_clock"
"cex","is_jump[1]","i_instr_queue.gen_instr_fifo[0].i_fifo_instr_data.write_pointer_n[1]"
"cex","is_jump[1]","i_instr_queue.gen_instr_fifo[0].i_fifo_instr_data.write_pointer_q[1]"
"cex","is_jump[1]","i_instr_queue.gen_instr_fifo[1].i_fifo_instr_data.gate_clock"
"cex","is_jump[1]","i_instr_queue.idx_ds_d[0]"
"cex","is_jump[1]","i_ras.data_o.valid"
"cex","is_jump[1]","i_ras.stack_d[0].valid"
"cex","is_jump[1]","i_ras.stack_d[1].valid"
"cex","is_jump[1]","i_ras.stack_q[0].valid"
"cex","is_jump[1]","i_ras.stack_q[1].valid"
"cex","is_jump[1]","ras_predict.valid"
"cex","is_mispredict","i_instr_queue.branch_empty"
"cex","is_mispredict","i_instr_queue.gen_instr_fifo[0].i_fifo_instr_data.gate_clock"
"cex","is_mispredict","i_instr_queue.gen_instr_fifo[1].i_fifo_instr_data.gate_clock"
"cex","is_return[0]","fetch_entry_valid_o"
"cex","is_return[0]","gen_instr_scan[0].i_instr_scan.is_jal_r"
"cex","is_return[0]","gen_instr_scan[0].i_instr_scan.is_rvc"
"cex","is_return[0]","gen_instr_scan[0].i_instr_scan.rvc_jr_o"
"cex","is_return[0]","gen_instr_scan[0].i_instr_scan.rvc_return_o"
"cex","is_return[0]","i_instr_queue.branch_empty"
"cex","is_return[0]","i_instr_queue.fetch_entry_valid_o"
"cex","is_return[0]","i_instr_queue.gen_instr_fifo[0].i_fifo_instr_data.gate_clock"
"cex","is_return[0]","i_instr_queue.gen_instr_fifo[1].i_fifo_instr_data.gate_clock"
"cex","is_return[0]","rvc_jr[0]"
"cex","is_return[0]","rvc_return[0]"
"cex","is_return[1]","fetch_entry_valid_o"
"cex","is_return[1]","gen_instr_scan[0].i_instr_scan.is_rvc"
"cex","is_return[1]","gen_instr_scan[1].i_instr_scan.is_jal_r"
"cex","is_return[1]","gen_instr_scan[1].i_instr_scan.rvc_jr_o"
"cex","is_return[1]","gen_instr_scan[1].i_instr_scan.rvc_return_o"
"cex","is_return[1]","i_instr_queue.branch_empty"
"cex","is_return[1]","i_instr_queue.fetch_entry_valid_o"
"cex","is_return[1]","i_instr_queue.gen_instr_fifo[0].i_fifo_instr_data.gate_clock"
"cex","is_return[1]","i_instr_queue.gen_instr_fifo[1].i_fifo_instr_data.gate_clock"
"cex","is_return[1]","rvc_jr[1]"
"cex","is_return[1]","rvc_return[1]"
"cex","npc_rst_load_q","gen_instr_scan[0].i_instr_scan.is_rvc"
"cex","npc_rst_load_q","i_instr_queue.branch_empty"
"cex","npc_rst_load_q","i_instr_queue.gen_instr_fifo[0].i_fifo_instr_data.gate_clock"
"cex","npc_rst_load_q","i_instr_queue.gen_instr_fifo[1].i_fifo_instr_data.gate_clock"
"cex","ras_pop","fetch_entry_valid_o"
"cex","ras_pop","gen_instr_scan[0].i_instr_scan.is_rvc"
"cex","ras_pop","i_instr_queue.branch_empty"
"cex","ras_pop","i_instr_queue.fetch_entry_valid_o"
"cex","ras_pop","i_instr_queue.gen_instr_fifo[0].i_fifo_instr_data.gate_clock"
"cex","ras_pop","i_instr_queue.gen_instr_fifo[1].i_fifo_instr_data.gate_clock"
"cex","ras_push","i_instr_queue.branch_empty"
"cex","ras_push","i_ras.stack_d[0].valid"
"cex","replay","fetch_entry_valid_o"
"cex","replay","i_instr_queue.branch_empty"
"cex","replay","i_instr_queue.fetch_entry_valid_o"
"cex","replay","i_instr_queue.gen_instr_fifo[0].i_fifo_instr_data.gate_clock"
"cex","replay","i_instr_queue.gen_instr_fifo[1].i_fifo_instr_data.gate_clock"
"cex","replay","icache_dreq_i.ready"
"cex","resolved_branch_i.is_mispredict","i_instr_queue.branch_empty"
"cex","resolved_branch_i.is_mispredict","i_instr_queue.gen_instr_fifo[0].i_fifo_instr_data.gate_clock"
"cex","resolved_branch_i.is_mispredict","i_instr_queue.gen_instr_fifo[1].i_fifo_instr_data.gate_clock"
"cex","resolved_branch_i.is_taken","i_instr_queue.branch_empty"
"cex","resolved_branch_i.is_taken","i_instr_queue.gen_instr_fifo[0].i_fifo_instr_data.empty_o"
"cex","resolved_branch_i.is_taken","i_instr_queue.gen_instr_fifo[0].i_fifo_instr_data.gate_clock"
"cex","resolved_branch_i.is_taken","i_instr_queue.gen_instr_fifo[1].i_fifo_instr_data.empty_o"
"cex","resolved_branch_i.is_taken","i_instr_queue.gen_instr_fifo[1].i_fifo_instr_data.gate_clock"
"cex","resolved_branch_i.is_taken","i_instr_queue.instr_queue_empty[0]"
"cex","resolved_branch_i.is_taken","i_instr_queue.instr_queue_empty[1]"
"cex","resolved_branch_i.is_taken","i_instr_queue.ready_o"
"cex","resolved_branch_i.is_taken","icache_dreq_o.req"
"cex","resolved_branch_i.is_taken","instr_queue_ready"
"cex","resolved_branch_i.valid","i_instr_queue.branch_empty"
"cex","resolved_branch_i.valid","i_instr_queue.gen_instr_fifo[0].i_fifo_instr_data.empty_o"
"cex","resolved_branch_i.valid","i_instr_queue.gen_instr_fifo[0].i_fifo_instr_data.gate_clock"
"cex","resolved_branch_i.valid","i_instr_queue.gen_instr_fifo[1].i_fifo_instr_data.empty_o"
"cex","resolved_branch_i.valid","i_instr_queue.gen_instr_fifo[1].i_fifo_instr_data.gate_clock"
"cex","resolved_branch_i.valid","i_instr_queue.instr_queue_empty[0]"
"cex","resolved_branch_i.valid","i_instr_queue.instr_queue_empty[1]"
"cex","resolved_branch_i.valid","i_instr_queue.ready_o"
"cex","resolved_branch_i.valid","icache_dreq_o.req"
"cex","resolved_branch_i.valid","instr_queue_ready"
"cex","rvc_branch[0]","i_instr_queue.branch_empty"
"cex","rvc_branch[0]","i_ras.data_o.valid"
"cex","rvc_branch[0]","i_ras.stack_d[0].valid"
"cex","rvc_branch[0]","i_ras.stack_q[0].valid"
"cex","rvc_branch[0]","ras_predict.valid"
"cex","rvc_branch[1]","fetch_entry_valid_o"
"cex","rvc_branch[1]","i_instr_queue.branch_empty"
"cex","rvc_branch[1]","i_instr_queue.fetch_entry_valid_o"
"cex","rvc_branch[1]","i_instr_queue.gen_instr_fifo[0].i_fifo_instr_data.write_pointer_n[0]"
"cex","rvc_branch[1]","i_instr_queue.gen_instr_fifo[0].i_fifo_instr_data.write_pointer_n[1]"
"cex","rvc_branch[1]","i_instr_queue.gen_instr_fifo[0].i_fifo_instr_data.write_pointer_q[1]"
"cex","rvc_branch[1]","i_instr_queue.gen_instr_fifo[1].i_fifo_instr_data.write_pointer_n[1]"
"cex","rvc_branch[1]","i_instr_queue.gen_instr_fifo[1].i_fifo_instr_data.write_pointer_q[1]"
"cex","rvc_branch[1]","i_instr_queue.ready_o"
"cex","rvc_branch[1]","i_ras.data_o.valid"
"cex","rvc_branch[1]","i_ras.stack_d[0].valid"
"cex","rvc_branch[1]","i_ras.stack_d[1].valid"
"cex","rvc_branch[1]","i_ras.stack_q[0].valid"
"cex","rvc_branch[1]","i_ras.stack_q[1].valid"
"cex","rvc_branch[1]","icache_dreq_o.req"
"cex","rvc_branch[1]","instr_queue_ready"
"cex","rvc_branch[1]","ras_predict.valid"
"cex","rvc_call[0]","gen_instr_scan[0].i_instr_scan.is_rvc"
"cex","rvc_call[0]","i_instr_queue.gen_instr_fifo[0].i_fifo_instr_data.empty_o"
"cex","rvc_call[0]","i_instr_queue.gen_instr_fifo[1].i_fifo_instr_data.empty_o"
"cex","rvc_call[0]","i_instr_queue.gen_instr_fifo[1].i_fifo_instr_data.gate_clock"
"cex","rvc_call[0]","i_instr_queue.idx_ds_d[0]"
"cex","rvc_call[0]","i_instr_queue.idx_ds_q[0]"
"cex","rvc_call[0]","i_instr_queue.instr_queue_empty[0]"
"cex","rvc_call[0]","i_instr_queue.instr_queue_empty[1]"
"cex","rvc_call[0]","i_instr_queue.ready_o"
"cex","rvc_call[0]","i_instr_realign.unaligned_d"
"cex","rvc_call[0]","i_ras.data_o.valid"
"cex","rvc_call[0]","i_ras.stack_d[0].valid"
"cex","rvc_call[0]","i_ras.stack_d[1].valid"
"cex","rvc_call[0]","i_ras.stack_q[0].valid"
"cex","rvc_call[0]","i_ras.stack_q[1].valid"
"cex","rvc_call[0]","icache_dreq_o.req"
"cex","rvc_call[0]","instr_queue_ready"
"cex","rvc_call[0]","ras_predict.valid"
"cex","rvc_call[1]","fetch_entry_valid_o"
"cex","rvc_call[1]","i_instr_queue.branch_empty"
"cex","rvc_call[1]","i_instr_queue.fetch_entry_valid_o"
"cex","rvc_call[1]","i_instr_queue.gen_instr_fifo[0].i_fifo_instr_data.usage_o[1]"
"cex","rvc_call[1]","i_instr_queue.gen_instr_fifo[1].i_fifo_instr_data.usage_o[1]"
"cex","rvc_call[1]","i_instr_queue.instr_queue_usage[0][1]"
"cex","rvc_call[1]","i_instr_queue.instr_queue_usage[1][1]"
"cex","rvc_call[1]","i_instr_queue.ready_o"
"cex","rvc_call[1]","i_ras.data_o.valid"
"cex","rvc_call[1]","i_ras.stack_d[0].valid"
"cex","rvc_call[1]","i_ras.stack_q[0].valid"
"cex","rvc_call[1]","icache_dreq_o.req"
"cex","rvc_call[1]","instr_queue_ready"
"cex","rvc_call[1]","ras_predict.valid"
"cex","rvc_jalr[0]","gen_instr_scan[0].i_instr_scan.is_rvc"
"cex","rvc_jalr[0]","i_instr_queue.gen_instr_fifo[0].i_fifo_instr_data.empty_o"
"cex","rvc_jalr[0]","i_instr_queue.gen_instr_fifo[1].i_fifo_instr_data.empty_o"
"cex","rvc_jalr[0]","i_instr_queue.gen_instr_fifo[1].i_fifo_instr_data.gate_clock"
"cex","rvc_jalr[0]","i_instr_queue.idx_ds_d[0]"
"cex","rvc_jalr[0]","i_instr_queue.idx_ds_q[0]"
"cex","rvc_jalr[0]","i_instr_queue.instr_queue_empty[0]"
"cex","rvc_jalr[0]","i_instr_queue.instr_queue_empty[1]"
"cex","rvc_jalr[0]","i_instr_queue.ready_o"
"cex","rvc_jalr[0]","i_instr_realign.unaligned_d"
"cex","rvc_jalr[0]","i_ras.data_o.valid"
"cex","rvc_jalr[0]","i_ras.stack_d[0].valid"
"cex","rvc_jalr[0]","i_ras.stack_d[1].valid"
"cex","rvc_jalr[0]","i_ras.stack_q[0].valid"
"cex","rvc_jalr[0]","i_ras.stack_q[1].valid"
"cex","rvc_jalr[0]","icache_dreq_o.req"
"cex","rvc_jalr[0]","instr_queue_ready"
"cex","rvc_jalr[0]","ras_predict.valid"
"cex","rvc_jalr[1]","fetch_entry_valid_o"
"cex","rvc_jalr[1]","i_instr_queue.branch_empty"
"cex","rvc_jalr[1]","i_instr_queue.fetch_entry_valid_o"
"cex","rvc_jalr[1]","i_instr_queue.gen_instr_fifo[0].i_fifo_instr_data.usage_o[1]"
"cex","rvc_jalr[1]","i_instr_queue.gen_instr_fifo[1].i_fifo_instr_data.usage_o[1]"
"cex","rvc_jalr[1]","i_instr_queue.instr_queue_usage[0][1]"
"cex","rvc_jalr[1]","i_instr_queue.instr_queue_usage[1][1]"
"cex","rvc_jalr[1]","i_instr_queue.ready_o"
"cex","rvc_jalr[1]","i_ras.data_o.valid"
"cex","rvc_jalr[1]","i_ras.stack_d[0].valid"
"cex","rvc_jalr[1]","i_ras.stack_q[0].valid"
"cex","rvc_jalr[1]","icache_dreq_o.req"
"cex","rvc_jalr[1]","instr_queue_ready"
"cex","rvc_jalr[1]","ras_predict.valid"
"cex","rvc_jr[0]","gen_instr_scan[0].i_instr_scan.is_rvc"
"cex","rvc_jr[0]","i_instr_queue.branch_empty"
"cex","rvc_jr[0]","i_instr_queue.ready_o"
"cex","rvc_jr[0]","icache_dreq_o.req"
"cex","rvc_jr[0]","instr_queue_ready"
"cex","rvc_jr[1]","i_instr_queue.branch_empty"
"cex","rvc_jump[0]","i_instr_queue.gen_instr_fifo[1].i_fifo_instr_data.empty_o"
"cex","rvc_jump[0]","i_instr_queue.instr_queue_empty[1]"
"cex","rvc_jump[0]","i_instr_queue.ready_o"
"cex","rvc_jump[0]","icache_dreq_o.req"
"cex","rvc_jump[0]","instr_queue_ready"
"cex","rvc_jump[1]","i_instr_queue.branch_empty"
"cex","rvc_jump[1]","i_instr_queue.gen_instr_fifo[0].i_fifo_instr_data.write_pointer_n[1]"
"cex","rvc_jump[1]","i_instr_queue.gen_instr_fifo[0].i_fifo_instr_data.write_pointer_q[1]"
"cex","rvc_jump[1]","i_ras.data_o.valid"
"cex","rvc_jump[1]","i_ras.stack_d[0].valid"
"cex","rvc_jump[1]","i_ras.stack_d[1].valid"
"cex","rvc_jump[1]","i_ras.stack_q[0].valid"
"cex","rvc_jump[1]","i_ras.stack_q[1].valid"
"cex","rvc_jump[1]","ras_predict.valid"
"cex","rvc_return[0]","fetch_entry_valid_o"
"cex","rvc_return[0]","i_instr_queue.branch_empty"
"cex","rvc_return[0]","i_instr_queue.fetch_entry_valid_o"
"cex","rvc_return[1]","i_instr_queue.branch_empty"
"cex","rvi_branch[0]","debug_mode_i"
"cex","rvi_branch[0]","i_bht.debug_mode_i"
"cex","rvi_branch[0]","i_btb.debug_mode_i"
"cex","rvi_branch[0]","i_instr_queue.ready_o"
"cex","rvi_branch[0]","icache_dreq_o.req"
"cex","rvi_branch[0]","instr_queue_ready"
"cex","rvi_jalr[0]","btb_prediction[1].valid"
"cex","rvi_jalr[0]","btb_prediction_shifted[1].valid"
"cex","rvi_jalr[0]","i_btb.btb_prediction_o[1].valid"
"cex","rvi_jalr[0]","i_instr_queue.branch_empty"
"cex","rvi_jalr[0]","i_instr_queue.gen_instr_fifo[0].i_fifo_instr_data.empty_o"
"cex","rvi_jalr[0]","i_instr_queue.gen_instr_fifo[0].i_fifo_instr_data.gate_clock"
"cex","rvi_jalr[0]","i_instr_queue.gen_instr_fifo[1].i_fifo_instr_data.empty_o"
"cex","rvi_jalr[0]","i_instr_queue.gen_instr_fifo[1].i_fifo_instr_data.gate_clock"
"cex","rvi_jalr[0]","i_instr_queue.idx_ds_d[0]"
"cex","rvi_jalr[0]","i_instr_queue.idx_ds_q[0]"
"cex","rvi_jalr[0]","i_instr_queue.instr_queue_empty[0]"
"cex","rvi_jalr[0]","i_instr_queue.instr_queue_empty[1]"
"cex","rvi_jalr[0]","i_instr_queue.ready_o"
"cex","rvi_jalr[0]","i_instr_realign.unaligned_d"
"cex","rvi_jalr[0]","i_instr_realign.valid_i"
"cex","rvi_jalr[0]","icache_dreq_i.ready"
"cex","rvi_jalr[0]","icache_dreq_i.valid"
"cex","rvi_jalr[0]","icache_dreq_o.req"
"cex","rvi_jalr[0]","icache_valid_q"
"cex","rvi_jalr[0]","if_ready"
"cex","rvi_jalr[0]","instr_queue_ready"
"cex","rvi_jump[0]","debug_mode_i"
"cex","rvi_jump[0]","i_bht.debug_mode_i"
"cex","rvi_jump[0]","i_btb.debug_mode_i"
"cex","rvi_jump[0]","i_instr_queue.ready_o"
"cex","rvi_jump[0]","icache_dreq_o.req"
"cex","rvi_jump[0]","instr_queue_ready"
"cex","taken_rvc_cf[0]","fetch_entry_ready_i"
"cex","taken_rvc_cf[0]","fetch_entry_valid_o"
"cex","taken_rvc_cf[0]","gen_instr_scan[0].i_instr_scan.is_rvc"
"cex","taken_rvc_cf[0]","gen_instr_scan[0].i_instr_scan.rvc_jump_o"
"cex","taken_rvc_cf[0]","i_instr_queue.branch_empty"
"cex","taken_rvc_cf[0]","i_instr_queue.fetch_entry_ready_i"
"cex","taken_rvc_cf[0]","i_instr_queue.fetch_entry_valid_o"
"cex","taken_rvc_cf[0]","i_instr_queue.gen_instr_fifo[0].i_fifo_instr_data.gate_clock"
"cex","taken_rvc_cf[0]","i_instr_queue.gen_instr_fifo[0].i_fifo_instr_data.pop_i"
"cex","taken_rvc_cf[0]","i_instr_queue.gen_instr_fifo[0].i_fifo_instr_data.usage_o[0]"
"cex","taken_rvc_cf[0]","i_instr_queue.gen_instr_fifo[1].i_fifo_instr_data.empty_o"
"cex","taken_rvc_cf[0]","i_instr_queue.gen_instr_fifo[1].i_fifo_instr_data.gate_clock"
"cex","taken_rvc_cf[0]","i_instr_queue.idx_ds_d[1]"
"cex","taken_rvc_cf[0]","i_instr_queue.idx_ds_q[0]"
"cex","taken_rvc_cf[0]","i_instr_queue.idx_is_d[0]"
"cex","taken_rvc_cf[0]","i_instr_queue.idx_is_q[0]"
"cex","taken_rvc_cf[0]","i_instr_queue.instr_queue_empty[1]"
"cex","taken_rvc_cf[0]","i_instr_queue.instr_queue_usage[0][0]"
"cex","taken_rvc_cf[0]","i_instr_queue.pop_instr[0]"
"cex","taken_rvc_cf[0]","i_instr_queue.ready_o"
"cex","taken_rvc_cf[0]","icache_dreq_o.req"
"cex","taken_rvc_cf[0]","instr_queue_ready"
"cex","taken_rvc_cf[0]","rvc_jump[0]"
"cex","taken_rvc_cf[1]","fetch_entry_valid_o"
"cex","taken_rvc_cf[1]","i_instr_queue.branch_empty"
"cex","taken_rvc_cf[1]","i_instr_queue.fetch_entry_valid_o"
"cex","taken_rvc_cf[1]","i_instr_queue.gen_instr_fifo[0].i_fifo_instr_data.gate_clock"
"cex","taken_rvc_cf[1]","i_instr_queue.gen_instr_fifo[0].i_fifo_instr_data.write_pointer_n[1]"
"cex","taken_rvc_cf[1]","i_instr_queue.gen_instr_fifo[0].i_fifo_instr_data.write_pointer_q[1]"
"cex","taken_rvc_cf[1]","i_instr_queue.gen_instr_fifo[1].i_fifo_instr_data.gate_clock"
"cex","taken_rvc_cf[1]","i_instr_queue.idx_ds_d[0]"
"cex","taken_rvc_cf[1]","i_ras.data_o.valid"
"cex","taken_rvc_cf[1]","i_ras.stack_d[0].valid"
"cex","taken_rvc_cf[1]","i_ras.stack_d[1].valid"
"cex","taken_rvc_cf[1]","i_ras.stack_q[0].valid"
"cex","taken_rvc_cf[1]","i_ras.stack_q[1].valid"
"cex","taken_rvc_cf[1]","ras_predict.valid"
"cex","taken_rvi_cf[0]","debug_mode_i"
"cex","taken_rvi_cf[0]","fetch_entry_ready_i"
"cex","taken_rvi_cf[0]","fetch_entry_valid_o"
"cex","taken_rvi_cf[0]","i_bht.debug_mode_i"
"cex","taken_rvi_cf[0]","i_btb.debug_mode_i"
"cex","taken_rvi_cf[0]","i_instr_queue.branch_empty"
"cex","taken_rvi_cf[0]","i_instr_queue.fetch_entry_ready_i"
"cex","taken_rvi_cf[0]","i_instr_queue.fetch_entry_valid_o"
"cex","taken_rvi_cf[0]","i_instr_queue.gen_instr_fifo[0].i_fifo_instr_data.gate_clock"
"cex","taken_rvi_cf[0]","i_instr_queue.gen_instr_fifo[1].i_fifo_instr_data.gate_clock"
"cex","taken_rvi_cf[0]","i_instr_queue.ready_o"
"cex","taken_rvi_cf[0]","icache_dreq_o.req"
"cex","taken_rvi_cf[0]","instr_queue_ready"
